id,patient_id,queue_number,queue_position,prediction_time,actual_time,status_id,clinic_id,created_at,updated_at
1,1,A1,0,2.44,1.9,4,2,4/1/2026 9:09,4/1/2026 9:40
2,1,A2,1,14.78,16.74,4,2,4/1/2026 9:27,4/1/2026 10:10
3,1,A3,1,25.8,21.39,4,2,4/1/2026 10:04,4/1/2026 10:38
4,1,A4,0,1.75,1.66,4,2,4/1/2026 10:42,4/1/2026 11:13
5,1,A5,1,15.52,21.46,4,2,4/1/2026 10:55,4/1/2026 11:33
6,1,A6,1,29.57,21.79,4,2,4/1/2026 11:29,4/1/2026 11:55
7,1,A7,1,24.89,22.19,4,2,4/1/2026 11:54,4/1/2026 12:23
8,1,A8,1,16.64,20.46,4,2,4/1/2026 12:03,4/1/2026 12:58
9,1,A9,2,30.21,34.33,4,2,4/1/2026 12:13,4/1/2026 13:23
10,1,A10,2,30.49,27.77,4,2,4/1/2026 12:33,4/1/2026 13:52
11,1,A11,2,30.31,31.47,4,2,4/1/2026 13:08,4/1/2026 14:19
12,1,A12,2,36.24,36.17,4,2,4/1/2026 13:38,4/1/2026 14:43
13,1,A13,2,42.46,38.27,4,2,4/1/2026 14:17,4/1/2026 15:12
14,1,A1,0,1.3,1.2,4,2,4/2/2026 9:07,4/2/2026 9:33
15,1,A2,0,1.21,1.78,4,2,4/2/2026 9:43,4/2/2026 10:14
16,1,A3,0,0.4,0.43,4,2,4/2/2026 10:19,4/2/2026 10:37
17,1,A4,0,0.61,0.84,4,2,4/2/2026 10:58,4/2/2026 11:27
18,1,A5,1,34,34.7,4,2,4/2/2026 11:21,4/2/2026 11:52
19,1,A6,0,0.51,0.19,4,2,4/2/2026 12:00,4/2/2026 12:24
20,1,A7,0,0.99,1.33,4,2,4/2/2026 12:33,4/2/2026 13:04
21,1,A8,1,19.22,19.8,4,2,4/2/2026 13:01,4/2/2026 13:39
22,1,A9,1,24.21,21.98,4,2,4/2/2026 13:38,4/2/2026 14:12
23,1,A10,1,16.63,18.35,4,2,4/2/2026 14:10,4/2/2026 14:37
24,1,A11,1,23.4,23.02,4,2,4/2/2026 14:28,4/2/2026 15:01
25,1,A12,1,23.23,21.56,4,2,4/2/2026 14:44,4/2/2026 15:30
26,1,A13,1,10.28,10.3,4,2,4/2/2026 15:23,4/2/2026 15:57
27,1,A14,0,0.34,0.21,4,2,4/2/2026 16:01,4/2/2026 16:30
28,1,A1,0,1.04,0.99,4,2,4/3/2026 9:08,4/3/2026 9:40
29,1,A2,1,15.24,19.35,4,2,4/3/2026 9:37,4/3/2026 9:58
30,1,A3,1,18.3,18.4,4,2,4/3/2026 9:50,4/3/2026 10:22
31,1,A4,1,23.53,23.03,4,2,4/3/2026 10:22,4/3/2026 10:46
32,1,A5,0,1.51,0.89,4,2,4/3/2026 10:58,4/3/2026 11:18
33,1,A6,0,0.75,0.61,4,2,4/3/2026 11:35,4/3/2026 12:09
34,1,A7,0,0.66,0.86,4,2,4/3/2026 12:10,4/3/2026 12:47
35,1,A8,1,25.81,23.78,4,2,4/3/2026 12:26,4/3/2026 13:18
36,1,A9,1,26.64,28.97,4,2,4/3/2026 12:56,4/3/2026 13:50
37,1,A10,2,32.5,33.12,4,2,4/3/2026 13:18,4/3/2026 14:19
38,1,A11,2,33.16,41.02,4,2,4/3/2026 13:33,4/3/2026 14:53
39,1,A12,2,43.19,41.11,4,2,4/3/2026 14:10,4/3/2026 15:16
40,1,A13,2,38.83,36.17,4,2,4/3/2026 14:34,4/3/2026 15:36
41,1,A14,3,49,48.78,4,2,4/3/2026 14:46,4/3/2026 16:05
42,1,A1,0,0.6,0.86,4,2,4/4/2026 9:00,4/4/2026 9:27
43,1,A2,0,1.05,1.5,4,2,4/4/2026 9:37,4/4/2026 9:56
44,1,A3,0,0.1,0.38,4,2,4/4/2026 10:17,4/4/2026 10:46
45,1,A4,1,15.87,20.23,4,2,4/4/2026 10:37,4/4/2026 11:13
46,1,A5,1,13.03,19.13,4,2,4/4/2026 10:54,4/4/2026 11:34
47,1,A6,2,40.6,37.64,4,2,4/4/2026 11:10,4/4/2026 11:57
48,1,A7,1,18.07,18.68,4,2,4/4/2026 11:43,4/4/2026 12:30
49,1,A8,1,24.74,29.64,4,2,4/4/2026 12:06,4/4/2026 13:01
50,1,A9,1,25.08,20.25,4,2,4/4/2026 12:42,4/4/2026 13:22
51,1,A10,1,15.45,18.96,4,2,4/4/2026 13:13,4/4/2026 13:51
52,1,A11,1,10.8,18.9,4,2,4/4/2026 13:32,4/4/2026 14:24
53,1,A12,1,22.66,22.22,4,2,4/4/2026 14:10,4/4/2026 14:57
54,1,A13,1,24.47,26.45,4,2,4/4/2026 14:37,4/4/2026 15:37
55,1,A1,0,0.94,0.84,4,2,4/6/2026 9:10,4/6/2026 9:30
56,1,A2,0,0.62,0.32,4,2,4/6/2026 9:42,4/6/2026 10:07
57,1,A3,1,20.84,26.51,4,2,4/6/2026 10:02,4/6/2026 10:36
58,1,A4,1,20.83,26.16,4,2,4/6/2026 10:30,4/6/2026 11:04
59,1,A5,0,0.85,0.83,4,2,4/6/2026 11:06,4/6/2026 11:33
60,1,A6,0,1.12,0.56,4,2,4/6/2026 11:44,4/6/2026 12:12
61,1,A7,0,1.4,1.02,4,2,4/6/2026 12:17,4/6/2026 12:43
62,1,A8,0,0.1,0.74,4,2,4/6/2026 12:48,4/6/2026 13:21
63,1,A9,0,0.62,0.18,4,2,4/6/2026 13:22,4/6/2026 13:55
64,1,A10,1,18.03,20.38,4,2,4/6/2026 13:55,4/6/2026 14:31
65,1,A11,1,20.57,17.93,4,2,4/6/2026 14:04,4/6/2026 14:59
66,1,A12,2,43.68,42.6,4,2,4/6/2026 14:14,4/6/2026 15:23
67,1,A13,2,27.34,30.63,4,2,4/6/2026 14:54,4/6/2026 15:53
68,1,A14,2,37.37,37.67,4,2,4/6/2026 15:09,4/6/2026 16:27
69,1,A1,0,0.55,0.76,4,2,4/7/2026 9:08,4/7/2026 9:39
70,1,A2,1,20.49,20.24,4,2,4/7/2026 9:27,4/7/2026 10:00
71,1,A3,1,20.32,17.94,4,2,4/7/2026 9:41,4/7/2026 10:29
72,1,A4,1,11.52,16.96,4,2,4/7/2026 10:10,4/7/2026 10:47
73,1,A5,1,21.82,26.9,4,2,4/7/2026 10:37,4/7/2026 11:11
74,1,A6,1,30.83,25.9,4,2,4/7/2026 10:59,4/7/2026 11:39
75,1,A7,1,18.35,19.88,4,2,4/7/2026 11:32,4/7/2026 12:10
76,1,A8,1,18.63,22.03,4,2,4/7/2026 11:47,4/7/2026 12:37
77,1,A9,1,15.72,17.18,4,2,4/7/2026 12:24,4/7/2026 13:09
78,1,A10,2,31.07,32.85,4,2,4/7/2026 12:31,4/7/2026 13:39
79,1,A11,2,38,34.86,4,2,4/7/2026 12:43,4/7/2026 13:57
80,1,A12,2,40.64,31.91,4,2,4/7/2026 13:19,4/7/2026 14:19
81,1,A13,2,44.58,37.49,4,2,4/7/2026 13:47,4/7/2026 14:53
82,1,A14,2,43.28,42.69,4,2,4/7/2026 13:58,4/7/2026 15:13
83,1,A1,0,1.28,1.13,4,2,4/8/2026 9:05,4/8/2026 9:30
84,1,A2,0,1.71,1.53,4,2,4/8/2026 9:43,4/8/2026 10:08
85,1,A3,1,28.5,21.54,4,2,4/8/2026 10:04,4/8/2026 10:29
86,1,A4,0,2.22,1.75,4,2,4/8/2026 10:30,4/8/2026 10:57
87,1,A5,1,16.01,18.06,4,2,4/8/2026 10:57,4/8/2026 11:21
88,1,A6,0,2.17,1.58,4,2,4/8/2026 11:32,4/8/2026 11:57
89,1,A7,1,19.25,14.78,4,2,4/8/2026 11:38,4/8/2026 12:24
90,1,A8,1,20.89,14.9,4,2,4/8/2026 12:12,4/8/2026 12:47
91,1,A9,1,17.51,21.02,4,2,4/8/2026 12:42,4/8/2026 13:11
92,1,A10,0,0.42,0.6,4,2,4/8/2026 13:13,4/8/2026 13:42
93,1,A11,0,0.77,1,4,2,4/8/2026 13:51,4/8/2026 14:21
94,1,A12,0,1.93,1.11,4,2,4/8/2026 14:28,4/8/2026 15:04
95,1,A13,1,23.25,25.71,4,2,4/8/2026 15:01,4/8/2026 15:26
96,1,A1,0,1.49,1.23,4,2,4/9/2026 9:10,4/9/2026 9:34
97,1,A2,0,1.18,1.92,4,2,4/9/2026 9:38,4/9/2026 9:58
98,1,A3,0,1.88,1.94,4,2,4/9/2026 10:13,4/9/2026 10:53
99,1,A4,1,16.02,19.26,4,2,4/9/2026 10:28,4/9/2026 11:20
100,1,A5,2,38.89,37.77,4,2,4/9/2026 10:41,4/9/2026 11:49
101,1,A6,2,30.8,24.42,4,2,4/9/2026 11:13,4/9/2026 12:11
102,1,A7,2,40.51,39.52,4,2,4/9/2026 11:44,4/9/2026 12:37
103,1,A8,2,38.11,35.39,4,2,4/9/2026 12:06,4/9/2026 12:59
104,1,A9,2,35.11,38.08,4,2,4/9/2026 12:32,4/9/2026 13:25
105,1,A10,1,19.35,21.06,4,2,4/9/2026 13:03,4/9/2026 13:55
106,1,A11,1,12.22,14.67,4,2,4/9/2026 13:29,4/9/2026 14:19
107,1,A12,1,20.9,19.27,4,2,4/9/2026 14:09,4/9/2026 14:53
108,1,A13,1,13.92,17.85,4,2,4/9/2026 14:38,4/9/2026 15:13
109,1,A1,0,2.43,1.92,4,2,4/10/2026 9:07,4/10/2026 9:37
110,1,A2,0,1.71,1.41,4,2,4/10/2026 9:40,4/10/2026 10:15
111,1,A3,1,12.77,17.45,4,2,4/10/2026 10:13,4/10/2026 10:50
112,1,A4,1,17.5,19.34,4,2,4/10/2026 10:36,4/10/2026 11:09
113,1,A5,2,35.92,37.44,4,2,4/10/2026 10:50,4/10/2026 11:38
114,1,A6,1,12.21,12.72,4,2,4/10/2026 11:27,4/10/2026 12:04
115,1,A7,1,20.84,23.08,4,2,4/10/2026 11:42,4/10/2026 12:30
116,1,A8,2,38.92,33.9,4,2,4/10/2026 11:52,4/10/2026 12:51
117,1,A9,3,47.13,47.06,4,2,4/10/2026 12:04,4/10/2026 13:15
118,1,A10,3,62.77,60.88,4,2,4/10/2026 12:29,4/10/2026 13:44
119,1,A11,2,44.15,38.93,4,2,4/10/2026 12:54,4/10/2026 14:02
120,1,A12,2,46.22,45.44,4,2,4/10/2026 13:32,4/10/2026 14:31
121,1,A13,1,21.63,20.27,4,2,4/10/2026 14:05,4/10/2026 14:55
122,1,A1,0,1.48,0.76,4,2,4/11/2026 9:10,4/11/2026 9:40
123,1,A2,1,12.49,16.61,4,2,4/11/2026 9:40,4/11/2026 10:07
124,1,A3,1,35.31,29.02,4,2,4/11/2026 10:00,4/11/2026 10:43
125,1,A4,1,14.52,17.87,4,2,4/11/2026 10:31,4/11/2026 11:21
126,1,A5,1,31.36,23.21,4,2,4/11/2026 10:53,4/11/2026 11:50
127,1,A6,1,16.12,20,4,2,4/11/2026 11:30,4/11/2026 12:14
128,1,A7,2,26.66,30.74,4,2,4/11/2026 11:42,4/11/2026 12:43
129,1,A8,1,18.98,17.11,4,2,4/11/2026 12:16,4/11/2026 13:06
130,1,A9,1,19.27,22.38,4,2,4/11/2026 12:51,4/11/2026 13:31
131,1,A10,1,20.41,17.91,4,2,4/11/2026 13:18,4/11/2026 13:55
132,1,A11,1,22.12,20.51,4,2,4/11/2026 13:47,4/11/2026 14:28
133,1,A12,1,18.34,18.57,4,2,4/11/2026 14:18,4/11/2026 14:52
134,1,A13,1,24.34,23.08,4,2,4/11/2026 14:50,4/11/2026 15:16
135,1,A14,0,0.92,0.71,4,2,4/11/2026 15:20,4/11/2026 15:46
136,1,A1,0,0.1,0.41,4,2,4/13/2026 9:03,4/13/2026 9:33
137,1,A2,1,27.42,27.73,4,2,4/13/2026 9:31,4/13/2026 10:03
138,1,A3,0,1.07,1.44,4,2,4/13/2026 10:10,4/13/2026 10:48
139,1,A4,1,31.07,27.4,4,2,4/13/2026 10:45,4/13/2026 11:13
140,1,A5,1,15.67,17.22,4,2,4/13/2026 10:53,4/13/2026 11:36
141,1,A6,1,20.44,17.2,4,2,4/13/2026 11:25,4/13/2026 12:03
142,1,A7,1,30.74,23.72,4,2,4/13/2026 11:59,4/13/2026 12:32
143,1,A8,1,21.68,21.52,4,2,4/13/2026 12:29,4/13/2026 13:01
144,1,A9,1,15.18,19.14,4,2,4/13/2026 12:55,4/13/2026 13:22
145,1,A10,1,11.41,8.86,4,2,4/13/2026 13:11,4/13/2026 13:49
146,1,A11,1,21.82,15.24,4,2,4/13/2026 13:49,4/13/2026 14:29
147,1,A12,1,29.72,24.66,4,2,4/13/2026 13:59,4/13/2026 15:03
148,1,A13,2,31.57,30.4,4,2,4/13/2026 14:29,4/13/2026 15:25
149,1,A1,0,0.84,0.84,4,2,4/14/2026 9:04,4/14/2026 9:29
150,1,A2,1,16.28,19.09,4,2,4/14/2026 9:18,4/14/2026 10:04
151,1,A3,1,18.37,18.71,4,2,4/14/2026 9:49,4/14/2026 10:35
152,1,A4,1,16.07,17.27,4,2,4/14/2026 10:21,4/14/2026 11:02
153,1,A5,1,30.57,27.45,4,2,4/14/2026 11:00,4/14/2026 11:27
154,1,A6,0,2.17,1.86,4,2,4/14/2026 11:30,4/14/2026 11:56
155,1,A7,1,25.21,21.33,4,2,4/14/2026 11:54,4/14/2026 12:22
156,1,A8,0,1.74,1.01,4,2,4/14/2026 12:28,4/14/2026 12:49
157,1,A9,0,1.13,0.75,4,2,4/14/2026 12:54,4/14/2026 13:26
158,1,A10,0,0.73,0.49,4,2,4/14/2026 13:30,4/14/2026 13:50
159,1,A11,0,1.38,1.58,4,2,4/14/2026 13:58,4/14/2026 14:26
160,1,A12,0,1.2,1.25,4,2,4/14/2026 14:32,4/14/2026 14:59
161,1,A13,1,19.09,21,4,2,4/14/2026 14:45,4/14/2026 15:36
162,1,A14,1,23.92,20.9,4,2,4/14/2026 15:13,4/14/2026 15:55
163,1,A1,0,0.58,0.75,4,2,4/15/2026 9:05,4/15/2026 9:41
164,1,A2,1,17.4,13,4,2,4/15/2026 9:35,4/15/2026 10:06
165,1,A3,1,14,14.79,4,2,4/15/2026 10:00,4/15/2026 10:27
166,1,A4,0,0.58,0.88,4,2,4/15/2026 10:29,4/15/2026 10:58
167,1,A5,1,22.84,26.23,4,2,4/15/2026 10:39,4/15/2026 11:27
168,1,A6,1,18.7,23.43,4,2,4/15/2026 11:07,4/15/2026 11:53
169,1,A7,1,18.2,19.08,4,2,4/15/2026 11:40,4/15/2026 12:22
170,1,A8,1,15.34,16.47,4,2,4/15/2026 12:05,4/15/2026 12:55
171,1,A9,1,18.3,20.42,4,2,4/15/2026 12:24,4/15/2026 13:22
172,1,A10,1,12.04,15.54,4,2,4/15/2026 13:03,4/15/2026 13:51
173,1,A11,1,15.49,19.81,4,2,4/15/2026 13:25,4/15/2026 14:16
174,1,A12,2,34.28,33.46,4,2,4/15/2026 13:46,4/15/2026 14:38
175,1,A13,1,21.84,25.39,4,2,4/15/2026 14:24,4/15/2026 15:07
176,1,A14,1,22.29,20.05,4,2,4/15/2026 14:39,4/15/2026 15:46
177,1,A1,0,1.38,1.02,4,2,4/16/2026 9:05,4/16/2026 9:35
178,1,A2,0,1.89,1.66,4,2,4/16/2026 9:36,4/16/2026 10:05
179,1,A3,0,0.89,0.65,4,2,4/16/2026 10:11,4/16/2026 10:31
180,1,A4,0,0.1,0.22,4,2,4/16/2026 10:44,4/16/2026 11:19
181,1,A5,1,16.91,17.63,4,2,4/16/2026 10:53,4/16/2026 11:49
182,1,A6,2,31.54,29.14,4,2,4/16/2026 11:18,4/16/2026 12:21
183,1,A7,1,20.33,22.56,4,2,4/16/2026 11:50,4/16/2026 12:49
184,1,A8,2,43.21,41.73,4,2,4/16/2026 12:18,4/16/2026 13:12
185,1,A9,1,18.26,20.93,4,2,4/16/2026 12:51,4/16/2026 13:46
186,1,A10,1,14.91,13.17,4,2,4/16/2026 13:14,4/16/2026 14:15
187,1,A11,2,40.13,37.4,4,2,4/16/2026 13:38,4/16/2026 14:45
188,1,A12,2,33.7,35.86,4,2,4/16/2026 14:12,4/16/2026 15:11
189,1,A13,1,20.97,21.92,4,2,4/16/2026 14:47,4/16/2026 15:40
190,1,A1,0,0.37,0.27,4,2,4/17/2026 9:03,4/17/2026 9:26
191,1,A2,1,10.34,13.56,4,2,4/17/2026 9:18,4/17/2026 9:47
192,1,A3,2,36.15,35.72,4,2,4/17/2026 9:26,4/17/2026 10:17
193,1,A4,2,32.3,37.65,4,2,4/17/2026 9:36,4/17/2026 10:48
194,1,A5,2,27.98,31.62,4,2,4/17/2026 10:12,4/17/2026 11:16
195,1,A6,2,41.17,38.06,4,2,4/17/2026 10:48,4/17/2026 11:44
196,1,A7,1,18.74,24.02,4,2,4/17/2026 11:25,4/17/2026 12:02
197,1,A8,0,0.64,1.13,4,2,4/17/2026 12:03,4/17/2026 12:28
198,1,A9,0,1.71,1.52,4,2,4/17/2026 12:29,4/17/2026 12:54
199,1,A10,1,24.82,19.5,4,2,4/17/2026 12:37,4/17/2026 13:19
200,1,A11,1,30.28,23.71,4,2,4/17/2026 13:17,4/17/2026 13:53
201,1,A12,1,21.74,16.85,4,2,4/17/2026 13:51,4/17/2026 14:20
202,1,A13,1,12.5,15.04,4,2,4/17/2026 14:01,4/17/2026 14:50
203,1,A14,1,8.71,12.83,4,2,4/17/2026 14:30,4/17/2026 15:12
204,1,A1,0,2.54,1.66,4,2,4/18/2026 9:07,4/18/2026 9:29
205,1,A2,0,1.56,1.4,4,2,4/18/2026 9:30,4/18/2026 9:56
206,1,A3,0,1.42,1.21,4,2,4/18/2026 10:02,4/18/2026 10:29
207,1,A4,1,26.14,20.22,4,2,4/18/2026 10:25,4/18/2026 10:55
208,1,A5,1,7.92,9.59,4,2,4/18/2026 10:49,4/18/2026 11:26
209,1,A6,1,23.61,24.43,4,2,4/18/2026 11:24,4/18/2026 11:55
210,1,A7,1,3.01,13.26,4,2,4/18/2026 11:51,4/18/2026 12:22
211,1,A8,1,17.89,15.65,4,2,4/18/2026 12:15,4/18/2026 12:51
212,1,A9,1,24.83,22.01,4,2,4/18/2026 12:32,4/18/2026 13:09
213,1,A10,1,22.75,23.21,4,2,4/18/2026 13:00,4/18/2026 13:35
214,1,A11,1,20.82,17.05,4,2,4/18/2026 13:15,4/18/2026 13:56
215,1,A12,1,24.37,24.76,4,2,4/18/2026 13:51,4/18/2026 14:27
216,1,A13,1,19.26,15.18,4,2,4/18/2026 14:21,4/18/2026 14:56
217,1,A14,1,14.39,19.42,4,2,4/18/2026 14:34,4/18/2026 15:30
218,1,A1,0,0.35,0.67,4,2,4/20/2026 9:10,4/20/2026 9:38
219,1,A2,0,1.08,1.8,4,2,4/20/2026 9:50,4/20/2026 10:18
220,1,A3,1,21.04,19.57,4,2,4/20/2026 10:12,4/20/2026 10:52
221,1,A4,1,11.11,13.78,4,2,4/20/2026 10:19,4/20/2026 11:19
222,1,A5,2,41.88,42.46,4,2,4/20/2026 10:47,4/20/2026 11:49
223,1,A6,2,42.04,40.85,4,2,4/20/2026 11:01,4/20/2026 12:18
224,1,A7,2,40.01,36.22,4,2,4/20/2026 11:29,4/20/2026 12:46
225,1,A8,2,34.11,32.91,4,2,4/20/2026 12:08,4/20/2026 13:15
226,1,A9,2,46.36,41.49,4,2,4/20/2026 12:40,4/20/2026 13:38
227,1,A10,1,21.58,16.88,4,2,4/20/2026 13:16,4/20/2026 14:08
228,1,A11,1,23,22.57,4,2,4/20/2026 13:47,4/20/2026 14:35
229,1,A12,1,24.02,22.4,4,2,4/20/2026 14:12,4/20/2026 15:00
230,1,A13,1,30.85,31.83,4,2,4/20/2026 14:38,4/20/2026 15:20
231,1,A14,1,26.46,24.1,4,2,4/20/2026 15:05,4/20/2026 15:55
232,1,A1,0,2.05,1.65,4,2,4/21/2026 9:02,4/21/2026 9:31
233,1,A2,1,20.12,21.7,4,2,4/21/2026 9:31,4/21/2026 9:53
234,1,A3,1,19.24,17.69,4,2,4/21/2026 9:52,4/21/2026 10:23
235,1,A4,1,19.79,15.19,4,2,4/21/2026 10:06,4/21/2026 10:48
236,1,A5,1,25.75,18.47,4,2,4/21/2026 10:30,4/21/2026 11:16
237,1,A6,1,19.24,19.12,4,2,4/21/2026 11:07,4/21/2026 11:42
238,1,A7,1,17.1,20.7,4,2,4/21/2026 11:36,4/21/2026 12:13
239,1,A8,1,23.98,20.82,4,2,4/21/2026 12:01,4/21/2026 12:41
240,1,A9,1,28.49,30.07,4,2,4/21/2026 12:24,4/21/2026 13:08
241,1,A10,1,20.74,18.52,4,2,4/21/2026 12:53,4/21/2026 13:35
242,1,A11,1,16.87,19.92,4,2,4/21/2026 13:18,4/21/2026 13:57
243,1,A12,2,38.18,36.64,4,2,4/21/2026 13:29,4/21/2026 14:15
244,1,A13,1,13.54,15.29,4,2,4/21/2026 14:08,4/21/2026 14:39
245,1,A14,1,18.58,23.31,4,2,4/21/2026 14:16,4/21/2026 15:06
246,1,A1,0,1.01,1.1,4,2,4/22/2026 9:08,4/22/2026 9:26
247,1,A2,0,3.54,3.13,4,2,4/22/2026 9:28,4/22/2026 9:58
248,1,A3,0,0.58,0.51,4,2,4/22/2026 10:03,4/22/2026 10:30
249,1,A4,0,1.17,0.9,4,2,4/22/2026 10:33,4/22/2026 11:05
250,1,A5,0,0.8,0.74,4,2,4/22/2026 11:13,4/22/2026 11:36
251,1,A6,1,23.6,24.24,4,2,4/22/2026 11:33,4/22/2026 12:10
252,1,A7,1,14.26,12.41,4,2,4/22/2026 12:06,4/22/2026 12:38
253,1,A8,1,16.73,17.42,4,2,4/22/2026 12:34,4/22/2026 13:09
254,1,A9,1,22.75,22.92,4,2,4/22/2026 13:06,4/22/2026 13:28
255,1,A10,1,24.23,20.58,4,2,4/22/2026 13:26,4/22/2026 14:05
256,1,A11,1,24.48,24.62,4,2,4/22/2026 14:04,4/22/2026 14:34
257,1,A12,1,9.51,13.76,4,2,4/22/2026 14:32,4/22/2026 14:54
258,1,A13,0,1.27,1.14,4,2,4/22/2026 15:05,4/22/2026 15:35
259,1,A1,0,1.3,1.18,4,2,4/23/2026 9:10,4/23/2026 9:34
260,1,A2,0,0.1,0.24,4,2,4/23/2026 9:35,4/23/2026 10:02
261,1,A3,1,15.37,15.03,4,2,4/23/2026 10:02,4/23/2026 10:29
262,1,A4,1,24.14,23.11,4,2,4/23/2026 10:08,4/23/2026 10:58
263,1,A5,1,29.58,27.12,4,2,4/23/2026 10:31,4/23/2026 11:29
264,1,A6,1,15.72,14.16,4,2,4/23/2026 11:07,4/23/2026 11:53
265,1,A7,1,25.02,22.12,4,2,4/23/2026 11:41,4/23/2026 12:20
266,1,A8,1,20.41,19.97,4,2,4/23/2026 12:02,4/23/2026 12:53
267,1,A9,2,39.61,42.93,4,2,4/23/2026 12:19,4/23/2026 13:11
268,1,A10,2,41.42,39.13,4,2,4/23/2026 12:53,4/23/2026 13:35
269,1,A11,1,27.91,25.11,4,2,4/23/2026 13:14,4/23/2026 14:09
270,1,A12,1,21.82,17.14,4,2,4/23/2026 13:43,4/23/2026 14:44
271,1,A13,1,15.96,19.74,4,2,4/23/2026 14:15,4/23/2026 15:10
272,1,A14,2,35.08,37.45,4,2,4/23/2026 14:42,4/23/2026 15:34
273,1,A1,0,0.73,0.64,4,2,4/24/2026 9:04,4/24/2026 9:28
274,1,A2,0,0.16,0.37,4,2,4/24/2026 9:38,4/24/2026 10:09
275,1,A3,0,0.97,0.85,4,2,4/24/2026 10:12,4/24/2026 10:40
276,1,A4,0,1.21,1.01,4,2,4/24/2026 10:43,4/24/2026 11:11
277,1,A5,1,25.79,25.06,4,2,4/24/2026 10:58,4/24/2026 11:33
278,1,A6,0,1.22,1.81,4,2,4/24/2026 11:36,4/24/2026 12:08
279,1,A7,1,20.11,23.45,4,2,4/24/2026 12:06,4/24/2026 12:34
280,1,A8,1,19.82,18.76,4,2,4/24/2026 12:21,4/24/2026 13:00
281,1,A9,1,19.94,18.08,4,2,4/24/2026 12:58,4/24/2026 13:18
282,1,A10,1,14.91,16.37,4,2,4/24/2026 13:16,4/24/2026 13:44
283,1,A11,1,13.89,14.03,4,2,4/24/2026 13:41,4/24/2026 14:14
284,1,A12,1,16.33,17.13,4,2,4/24/2026 14:13,4/24/2026 14:42
285,1,A13,0,0.87,1.35,4,2,4/24/2026 14:46,4/24/2026 15:16
286,1,A14,1,20.5,20.84,4,2,4/24/2026 15:16,4/24/2026 15:52
287,1,A1,0,0.26,0.28,4,2,4/25/2026 9:03,4/25/2026 9:24
288,1,A2,0,0.86,0.57,4,2,4/25/2026 9:26,4/25/2026 9:58
289,1,A3,1,22.95,32.65,4,2,4/25/2026 9:56,4/25/2026 10:24
290,1,A4,0,1.18,1.4,4,2,4/25/2026 10:32,4/25/2026 11:01
291,1,A5,1,16.62,15.51,4,2,4/25/2026 11:01,4/25/2026 11:31
292,1,A6,1,24.89,27.96,4,2,4/25/2026 11:24,4/25/2026 11:58
293,1,A7,0,0.4,0.35,4,2,4/25/2026 12:03,4/25/2026 12:29
294,1,A8,1,19.05,18.98,4,2,4/25/2026 12:11,4/25/2026 13:01
295,1,A9,1,26.47,28.6,4,2,4/25/2026 12:35,4/25/2026 13:32
296,1,A10,1,23.88,21.49,4,2,4/25/2026 13:02,4/25/2026 14:04
297,1,A11,2,33.32,36.41,4,2,4/25/2026 13:08,4/25/2026 14:31
298,1,A12,2,34.46,36.44,4,2,4/25/2026 13:39,4/25/2026 15:01
299,1,A13,2,35.8,31.59,4,2,4/25/2026 14:14,4/25/2026 15:30
300,1,A1,0,0.24,0.28,4,2,4/27/2026 9:10,4/27/2026 9:36
301,1,A2,0,1.94,1.7,4,2,4/27/2026 9:41,4/27/2026 10:10
302,1,A3,1,23.84,21.77,4,2,4/27/2026 9:52,4/27/2026 10:39
303,1,A4,1,13.66,15.45,4,2,4/27/2026 10:32,4/27/2026 11:07
304,1,A5,1,14.66,18.82,4,2,4/27/2026 11:02,4/27/2026 11:34
305,1,A6,1,19.95,23.17,4,2,4/27/2026 11:27,4/27/2026 12:02
306,1,A7,0,4.13,3.41,4,2,4/27/2026 12:04,4/27/2026 12:33
307,1,A8,0,0.88,1.02,4,2,4/27/2026 12:44,4/27/2026 13:20
308,1,A9,1,18.63,21.72,4,2,4/27/2026 13:07,4/27/2026 13:48
309,1,A10,1,29.05,24.37,4,2,4/27/2026 13:36,4/27/2026 14:15
310,1,A11,1,17.92,14.34,4,2,4/27/2026 14:10,4/27/2026 14:44
311,1,A12,1,16.1,22.32,4,2,4/27/2026 14:25,4/27/2026 15:11
312,1,A13,1,20.89,18.79,4,2,4/27/2026 14:53,4/27/2026 15:42
313,1,A1,0,3.64,4.46,4,2,4/28/2026 9:09,4/28/2026 9:35
314,1,A2,1,27.7,25.9,4,2,4/28/2026 9:31,4/28/2026 10:00
315,1,A3,0,0.1,0.83,4,2,4/28/2026 10:10,4/28/2026 10:36
316,1,A4,0,0.69,0.54,4,2,4/28/2026 10:37,4/28/2026 11:07
317,1,A5,1,17.86,16.36,4,2,4/28/2026 11:03,4/28/2026 11:38
318,1,A6,1,17.11,18.27,4,2,4/28/2026 11:34,4/28/2026 12:09
319,1,A7,1,30.43,25.26,4,2,4/28/2026 12:09,4/28/2026 12:30
320,1,A8,1,27.23,30.56,4,2,4/28/2026 12:23,4/28/2026 12:59
321,1,A9,0,0.41,0.89,4,2,4/28/2026 13:01,4/28/2026 13:21
322,1,A10,0,1,0.85,4,2,4/28/2026 13:33,4/28/2026 13:59
323,1,A11,0,1.54,1.25,4,2,4/28/2026 14:05,4/28/2026 14:26
324,1,A12,1,7.32,10.46,4,2,4/28/2026 14:11,4/28/2026 14:57
325,1,A13,1,16.37,17.94,4,2,4/28/2026 14:49,4/28/2026 15:29
326,1,A14,1,16.32,15.79,4,2,4/28/2026 15:22,4/28/2026 15:54
327,1,A1,0,1.24,0.86,4,2,4/29/2026 9:03,4/29/2026 9:31
328,1,A2,0,0.77,0.44,4,2,4/29/2026 9:35,4/29/2026 9:59
329,1,A3,1,20.04,18.36,4,2,4/29/2026 9:53,4/29/2026 10:37
330,1,A4,1,17.08,24.02,4,2,4/29/2026 10:19,4/29/2026 11:04
331,1,A5,2,35.94,39.86,4,2,4/29/2026 10:35,4/29/2026 11:31
332,1,A6,2,27.33,29.38,4,2,4/29/2026 10:59,4/29/2026 12:05
333,1,A7,2,32.01,32.77,4,2,4/29/2026 11:09,4/29/2026 12:23
334,1,A8,3,58.41,55.71,4,2,4/29/2026 11:16,4/29/2026 12:52
335,1,A9,3,61.32,56.29,4,2,4/29/2026 11:54,4/29/2026 13:20
336,1,A10,3,51.33,52.35,4,2,4/29/2026 12:13,4/29/2026 13:46
337,1,A11,3,42.58,39.51,4,2,4/29/2026 12:49,4/29/2026 14:18
338,1,A12,3,51.93,51.46,4,2,4/29/2026 13:18,4/29/2026 14:43
339,1,A13,2,36.71,32.88,4,2,4/29/2026 13:53,4/29/2026 15:08
340,1,A14,2,41.33,41.98,4,2,4/29/2026 14:25,4/29/2026 15:30
341,1,A1,0,1.64,1.67,4,2,4/30/2026 9:07,4/30/2026 9:33
342,1,A2,0,1.68,1.52,4,2,4/30/2026 9:36,4/30/2026 10:05
343,1,A3,0,1.67,1.59,4,2,4/30/2026 10:07,4/30/2026 10:32
344,1,A4,1,19.57,16.21,4,2,4/30/2026 10:21,4/30/2026 10:56
345,1,A5,1,20.25,18.4,4,2,4/30/2026 10:53,4/30/2026 11:27
346,1,A6,1,27.22,19.81,4,2,4/30/2026 11:25,4/30/2026 11:53
347,1,A7,0,1.95,1.87,4,2,4/30/2026 11:54,4/30/2026 12:19
348,1,A8,0,0.71,0.37,4,2,4/30/2026 12:21,4/30/2026 12:47
349,1,A9,1,20.34,18.63,4,2,4/30/2026 12:41,4/30/2026 13:12
350,1,A10,1,16.55,16.21,4,2,4/30/2026 12:50,4/30/2026 13:38
351,1,A11,1,14.9,17.13,4,2,4/30/2026 13:26,4/30/2026 14:17
352,1,A12,1,18.77,21.79,4,2,4/30/2026 13:54,4/30/2026 14:42
353,1,A13,1,5.62,16.55,4,2,4/30/2026 14:21,4/30/2026 15:07
354,1,A14,1,15.81,15.35,4,2,4/30/2026 14:58,4/30/2026 15:36
355,1,A1,0,2.49,1.84,4,2,5/1/2026 9:07,5/1/2026 9:34
356,1,A2,0,0.35,0.3,4,2,5/1/2026 9:42,5/1/2026 10:05
357,1,A3,0,1.06,1.5,4,2,5/1/2026 10:08,5/1/2026 10:38
358,1,A4,1,18.46,22.06,4,2,5/1/2026 10:24,5/1/2026 11:13
359,1,A5,1,7.11,8.93,4,2,5/1/2026 10:50,5/1/2026 11:39
360,1,A6,2,39.26,43.55,4,2,5/1/2026 11:09,5/1/2026 12:04
361,1,A7,1,17.1,16.91,4,2,5/1/2026 11:47,5/1/2026 12:33
362,1,A8,1,27.62,26.89,4,2,5/1/2026 12:14,5/1/2026 13:01
363,1,A9,1,22.16,19.21,4,2,5/1/2026 12:35,5/1/2026 13:29
364,1,A10,1,22.38,23.27,4,2,5/1/2026 13:08,5/1/2026 13:52
365,1,A11,1,13.43,15.72,4,2,5/1/2026 13:38,5/1/2026 14:21
366,1,A12,1,19.36,21.56,4,2,5/1/2026 14:12,5/1/2026 14:52
367,1,A13,1,21.01,20.36,4,2,5/1/2026 14:36,5/1/2026 15:19
368,1,A14,1,21.07,17.68,4,2,5/1/2026 14:56,5/1/2026 15:48
369,1,A1,0,1.26,0.78,4,2,5/2/2026 9:06,5/2/2026 9:32
370,1,A2,0,2.01,1.43,4,2,5/2/2026 9:36,5/2/2026 9:56
371,1,A3,1,15.43,14.25,4,2,5/2/2026 9:42,5/2/2026 10:19
372,1,A4,2,31.69,29.01,4,2,5/2/2026 9:45,5/2/2026 10:47
373,1,A5,3,50.69,54.96,4,2,5/2/2026 9:50,5/2/2026 11:07
374,1,A6,4,70.54,67.7,4,2,5/2/2026 9:55,5/2/2026 11:37
375,1,A7,4,65.03,64.58,4,2,5/2/2026 9:59,5/2/2026 12:13
376,1,A8,5,80.16,80.75,4,2,5/2/2026 10:05,5/2/2026 12:38
377,1,A9,6,99.4,102.1,4,2,5/2/2026 10:11,5/2/2026 13:09
378,1,A10,7,124.13,116.85,4,2,5/2/2026 10:15,5/2/2026 13:29
379,1,A11,7,116.93,118.09,4,2,5/2/2026 10:41,5/2/2026 13:50
380,1,A12,7,119.23,114.94,4,2,5/2/2026 11:06,5/2/2026 14:14
381,1,A13,6,106.15,103.91,4,2,5/2/2026 11:39,5/2/2026 14:34
382,1,A14,6,82.31,81.23,4,2,5/2/2026 12:18,5/2/2026 15:03
383,1,A1,0,1.13,0.87,4,2,5/4/2026 9:01,5/4/2026 9:31
384,1,A2,0,1.15,0.89,4,2,5/4/2026 9:40,5/4/2026 10:01
385,1,A3,0,0.44,0.97,4,2,5/4/2026 10:20,5/4/2026 10:48
386,1,A4,1,15.72,14.59,4,2,5/4/2026 10:36,5/4/2026 11:14
387,1,A5,2,31.78,30.73,4,2,5/4/2026 10:47,5/4/2026 11:42
388,1,A6,2,39.17,39.08,4,2,5/4/2026 11:11,5/4/2026 12:08
389,1,A7,2,34.53,36.79,4,2,5/4/2026 11:29,5/4/2026 12:38
390,1,A8,2,35.7,35.2,4,2,5/4/2026 11:53,5/4/2026 13:07
391,1,A9,2,32.05,30.29,4,2,5/4/2026 12:19,5/4/2026 13:30
392,1,A10,2,40.05,36.51,4,2,5/4/2026 12:42,5/4/2026 13:54
393,1,A11,3,44.52,45.34,4,2,5/4/2026 13:05,5/4/2026 14:23
394,1,A12,2,31.17,33.81,4,2,5/4/2026 13:36,5/4/2026 14:53
395,1,A13,2,39.64,38.79,4,2,5/4/2026 14:11,5/4/2026 15:20
396,1,A14,2,28.24,28.53,4,2,5/4/2026 14:39,5/4/2026 15:47
397,1,A1,0,2.15,1.64,4,2,5/5/2026 9:08,5/5/2026 9:26
398,1,A2,0,1.66,0.81,4,2,5/5/2026 9:37,5/5/2026 10:06
399,1,A3,0,0.1,0.36,4,2,5/5/2026 10:09,5/5/2026 10:34
400,1,A4,1,24.65,22,4,2,5/5/2026 10:21,5/5/2026 11:14
401,1,A5,1,8.78,7.54,4,2,5/5/2026 10:58,5/5/2026 11:35
402,1,A6,2,33.44,35.51,4,2,5/5/2026 11:04,5/5/2026 12:06
403,1,A7,1,14.18,13.23,4,2,5/5/2026 11:44,5/5/2026 12:34
404,1,A8,1,20.2,16.81,4,2,5/5/2026 12:09,5/5/2026 12:52
405,1,A9,1,21.75,22.69,4,2,5/5/2026 12:49,5/5/2026 13:17
406,1,A10,1,22.08,18.91,4,2,5/5/2026 13:17,5/5/2026 13:37
407,1,A11,0,1.23,1.31,4,2,5/5/2026 13:49,5/5/2026 14:11
408,1,A12,0,1.12,1.27,4,2,5/5/2026 14:12,5/5/2026 14:43
409,1,A13,0,1.28,1.13,4,2,5/5/2026 14:50,5/5/2026 15:14
410,1,A14,0,0.87,1.44,4,2,5/5/2026 15:22,5/5/2026 15:46
411,1,A1,0,1.15,0.65,4,2,5/6/2026 9:01,5/6/2026 9:19
412,1,A2,0,4.03,3.73,4,2,5/6/2026 9:32,5/6/2026 9:59
413,1,A3,1,24.32,22.67,4,2,5/6/2026 9:56,5/6/2026 10:32
414,1,A4,1,15.31,14.16,4,2,5/6/2026 10:31,5/6/2026 11:01
415,1,A5,1,22.71,25.98,4,2,5/6/2026 10:56,5/6/2026 11:35
416,1,A6,1,26.68,23.28,4,2,5/6/2026 11:18,5/6/2026 12:02
417,1,A7,1,29.5,26.35,4,2,5/6/2026 11:50,5/6/2026 12:33
418,1,A8,1,22.45,22.6,4,2,5/6/2026 12:17,5/6/2026 12:56
419,1,A9,2,36.04,36.5,4,2,5/6/2026 12:33,5/6/2026 13:20
420,1,A10,1,24.85,25.61,4,2,5/6/2026 13:09,5/6/2026 13:42
421,1,A11,0,0.1,0.27,4,2,5/6/2026 13:48,5/6/2026 14:19
422,1,A12,0,4.47,3.86,4,2,5/6/2026 14:27,5/6/2026 14:58
423,1,A13,1,15.85,17.64,4,2,5/6/2026 14:58,5/6/2026 15:24
424,1,A14,0,0.25,0.55,4,2,5/6/2026 15:34,5/6/2026 16:02
425,1,A1,0,0.99,0.7,4,2,5/7/2026 9:07,5/7/2026 9:38
426,1,A2,0,1.08,0.98,4,2,5/7/2026 9:41,5/7/2026 10:12
427,1,A3,1,26.22,20.54,4,2,5/7/2026 10:10,5/7/2026 10:37
428,1,A4,1,29.49,25.71,4,2,5/7/2026 10:26,5/7/2026 11:03
429,1,A5,2,35.21,36.09,4,2,5/7/2026 10:32,5/7/2026 11:34
430,1,A6,2,40.76,39.63,4,2,5/7/2026 10:53,5/7/2026 11:57
431,1,A7,2,32.17,34.95,4,2,5/7/2026 11:14,5/7/2026 12:25
432,1,A8,3,58.56,52.99,4,2,5/7/2026 11:34,5/7/2026 12:58
433,1,A9,3,50.51,47.72,4,2,5/7/2026 11:48,5/7/2026 13:16
434,1,A10,3,49.6,50.59,4,2,5/7/2026 12:15,5/7/2026 13:46
435,1,A11,3,46.81,48.59,4,2,5/7/2026 12:50,5/7/2026 14:19
436,1,A12,3,50.38,49.78,4,2,5/7/2026 13:14,5/7/2026 14:43
437,1,A13,3,44.7,51.29,4,2,5/7/2026 13:42,5/7/2026 15:08
438,1,A14,3,43.52,44.39,4,2,5/7/2026 14:17,5/7/2026 15:36
439,1,A1,0,1.68,1.35,4,2,5/8/2026 9:02,5/8/2026 9:28
440,1,A2,1,18.73,17.85,4,2,5/8/2026 9:24,5/8/2026 9:56
441,1,A3,0,0.76,0.39,4,2,5/8/2026 10:02,5/8/2026 10:33
442,1,A4,1,12.07,12.74,4,2,5/8/2026 10:14,5/8/2026 10:58
443,1,A5,1,24.28,21.31,4,2,5/8/2026 10:51,5/8/2026 11:26
444,1,A6,1,17.29,20.96,4,2,5/8/2026 11:26,5/8/2026 11:49
445,1,A7,0,0.64,0.42,4,2,5/8/2026 12:02,5/8/2026 12:24
446,1,A8,0,0.75,0.42,4,2,5/8/2026 12:26,5/8/2026 12:58
447,1,A9,1,21.17,17.87,4,2,5/8/2026 12:57,5/8/2026 13:23
448,1,A10,0,1.75,1.53,4,2,5/8/2026 13:29,5/8/2026 13:55
449,1,A11,0,0.28,0.36,4,2,5/8/2026 14:08,5/8/2026 14:37
450,1,A12,0,1.01,0.66,4,2,5/8/2026 14:46,5/8/2026 15:13
451,1,A13,0,1.19,1.36,4,2,5/8/2026 15:18,5/8/2026 15:48
452,1,A1,0,2,1.92,4,2,5/9/2026 9:09,5/9/2026 9:27
453,1,A2,0,0.53,0.72,4,2,5/9/2026 9:35,5/9/2026 9:53
454,1,A3,0,0.84,1.2,4,2,5/9/2026 10:04,5/9/2026 10:39
455,1,A4,0,0.93,1.38,4,2,5/9/2026 10:40,5/9/2026 11:08
456,1,A5,0,2.19,1.62,4,2,5/9/2026 11:14,5/9/2026 11:42
457,1,A6,0,1.7,1.8,4,2,5/9/2026 11:47,5/9/2026 12:13
458,1,A7,1,20.29,22.09,4,2,5/9/2026 12:13,5/9/2026 12:38
459,1,A8,0,0.99,0.91,4,2,5/9/2026 12:40,5/9/2026 13:05
460,1,A9,0,1.19,1.45,4,2,5/9/2026 13:14,5/9/2026 13:36
461,1,A10,0,1.29,1.31,4,2,5/9/2026 13:41,5/9/2026 14:11
462,1,A11,1,19.11,26.8,4,2,5/9/2026 13:50,5/9/2026 14:39
463,1,A12,1,20.79,20.82,4,2,5/9/2026 14:28,5/9/2026 15:00
464,1,A13,1,16.09,23.72,4,2,5/9/2026 14:48,5/9/2026 15:30
465,1,A14,1,23.59,26.59,4,2,5/9/2026 15:15,5/9/2026 16:02
466,1,A1,0,2.3,1.85,4,2,5/11/2026 9:07,5/11/2026 9:34
467,1,A2,1,11.34,20.35,4,2,5/11/2026 9:28,5/11/2026 10:03
468,1,A3,1,17.1,28.28,4,2,5/11/2026 10:01,5/11/2026 10:28
469,1,A4,0,1.23,1.56,4,2,5/11/2026 10:34,5/11/2026 11:00
470,1,A5,0,0.43,0.6,4,2,5/11/2026 11:14,5/11/2026 11:45
471,1,A6,0,1.01,0.98,4,2,5/11/2026 11:53,5/11/2026 12:15
472,1,A7,0,1.79,1.65,4,2,5/11/2026 12:30,5/11/2026 12:57
473,1,A8,1,16.76,17.66,4,2,5/11/2026 12:37,5/11/2026 13:19
474,1,A9,1,19.19,23.03,4,2,5/11/2026 13:00,5/11/2026 13:50
475,1,A10,1,15.99,16.9,4,2,5/11/2026 13:32,5/11/2026 14:27
476,1,A11,2,27.84,31.02,4,2,5/11/2026 13:46,5/11/2026 14:54
477,1,A12,2,37.44,34.72,4,2,5/11/2026 13:55,5/11/2026 15:14
478,1,A13,2,37.4,35.8,4,2,5/11/2026 14:28,5/11/2026 15:41
479,1,A1,0,1.55,1.76,4,2,5/12/2026 9:08,5/12/2026 9:37
480,1,A2,0,1.2,1.23,4,2,5/12/2026 9:40,5/12/2026 10:12
481,1,A3,1,21.02,23.61,4,2,5/12/2026 9:53,5/12/2026 10:34
482,1,A4,2,28.44,31.48,4,2,5/12/2026 10:09,5/12/2026 10:52
483,1,A5,2,37.93,35.52,4,2,5/12/2026 10:25,5/12/2026 11:20
484,1,A6,2,32.89,36.06,4,2,5/12/2026 10:37,5/12/2026 11:56
485,1,A7,2,22.86,23.95,4,2,5/12/2026 11:03,5/12/2026 12:26
486,1,A8,2,33.56,34,4,2,5/12/2026 11:40,5/12/2026 12:55
487,1,A9,2,42.7,39.69,4,2,5/12/2026 12:09,5/12/2026 13:26
488,1,A10,2,39.84,35.85,4,2,5/12/2026 12:45,5/12/2026 13:49
489,1,A11,2,30.34,32.4,4,2,5/12/2026 12:56,5/12/2026 14:07
490,1,A12,3,47.11,49.01,4,2,5/12/2026 13:26,5/12/2026 14:31
491,1,A13,3,55.41,56.42,4,2,5/12/2026 13:37,5/12/2026 14:56
492,1,A14,2,33.9,31.26,4,2,5/12/2026 14:09,5/12/2026 15:27
493,1,A1,0,1.02,1.25,4,2,5/13/2026 9:04,5/13/2026 9:28
494,1,A2,0,1.17,0.91,4,2,5/13/2026 9:33,5/13/2026 9:51
495,1,A3,0,0.57,1.32,4,2,5/13/2026 10:09,5/13/2026 10:29
496,1,A4,1,12.9,16.94,4,2,5/13/2026 10:29,5/13/2026 10:53
497,1,A5,1,14.77,17.91,4,2,5/13/2026 10:43,5/13/2026 11:14
498,1,A6,1,23.62,29.19,4,2,5/13/2026 11:04,5/13/2026 11:47
499,1,A7,1,9.69,11.98,4,2,5/13/2026 11:44,5/13/2026 12:14
500,1,A8,0,1.81,1.56,4,2,5/13/2026 12:18,5/13/2026 12:36
501,1,A9,0,2.36,1.92,4,2,5/13/2026 12:53,5/13/2026 13:24
502,1,A10,0,1.78,1.19,4,2,5/13/2026 13:26,5/13/2026 13:46
503,1,A11,1,15.66,19.17,4,2,5/13/2026 13:38,5/13/2026 14:16
504,1,A12,1,21.3,20.74,4,2,5/13/2026 13:49,5/13/2026 14:46
505,1,A13,2,38.88,37.65,4,2,5/13/2026 14:02,5/13/2026 15:19
506,1,A1,0,0.57,0.48,4,2,5/14/2026 9:02,5/14/2026 9:24
507,1,A2,0,0.73,1.02,4,2,5/14/2026 9:34,5/14/2026 9:57
508,1,A3,0,0.45,0.49,4,2,5/14/2026 10:12,5/14/2026 10:46
509,1,A4,1,17.02,21.85,4,2,5/14/2026 10:43,5/14/2026 11:15
510,1,A5,1,15.72,13.6,4,2,5/14/2026 11:00,5/14/2026 11:37
511,1,A6,0,0.45,0.6,4,2,5/14/2026 11:40,5/14/2026 12:05
512,1,A7,0,1.44,1.14,4,2,5/14/2026 12:09,5/14/2026 12:36
513,1,A8,1,10.71,18.87,4,2,5/14/2026 12:27,5/14/2026 13:09
514,1,A9,1,15.62,16.84,4,2,5/14/2026 13:03,5/14/2026 13:35
515,1,A10,1,22.36,18.42,4,2,5/14/2026 13:21,5/14/2026 14:10
516,1,A11,1,17.7,16.78,4,2,5/14/2026 13:52,5/14/2026 14:36
517,1,A12,1,19.71,7.36,4,2,5/14/2026 14:25,5/14/2026 15:04
518,1,A13,1,17.01,16.15,4,2,5/14/2026 14:50,5/14/2026 15:30
519,1,A14,2,32.75,33.89,4,2,5/14/2026 14:56,5/14/2026 15:52
520,1,A1,0,0.8,1.42,4,2,5/15/2026 9:10,5/15/2026 9:46
521,1,A2,1,27.58,19.05,4,2,5/15/2026 9:44,5/15/2026 10:04
522,1,A3,0,1.12,0.83,4,2,5/15/2026 10:21,5/15/2026 10:47
523,1,A4,1,20.81,16.17,4,2,5/15/2026 10:29,5/15/2026 11:15
524,1,A5,2,44.98,45.24,4,2,5/15/2026 10:43,5/15/2026 11:46
525,1,A6,1,19.59,21.16,4,2,5/15/2026 11:22,5/15/2026 12:05
526,1,A7,1,18.37,20.77,4,2,5/15/2026 12:00,5/15/2026 12:35
527,1,A8,1,19.57,22.3,4,2,5/15/2026 12:10,5/15/2026 13:04
528,1,A9,1,14.99,21.24,4,2,5/15/2026 12:38,5/15/2026 13:32
529,1,A10,1,24.36,22.01,4,2,5/15/2026 13:18,5/15/2026 13:59
530,1,A11,1,26.52,24.52,4,2,5/15/2026 13:41,5/15/2026 14:26
531,1,A12,1,21.38,22.46,4,2,5/15/2026 14:10,5/15/2026 14:51
532,1,A13,1,14.91,13.8,4,2,5/15/2026 14:50,5/15/2026 15:15
533,1,A1,0,0.47,0.89,4,2,5/16/2026 9:02,5/16/2026 9:28
534,1,A2,0,0.83,1.46,4,2,5/16/2026 9:30,5/16/2026 10:01
535,1,A3,1,22.83,20,4,2,5/16/2026 10:00,5/16/2026 10:25
536,1,A4,1,27.63,25.44,4,2,5/16/2026 10:07,5/16/2026 10:46
537,1,A5,1,18.61,22.67,4,2,5/16/2026 10:42,5/16/2026 11:17
538,1,A6,1,31.93,24.49,4,2,5/16/2026 10:48,5/16/2026 11:43
539,1,A7,1,30.58,29.94,4,2,5/16/2026 11:18,5/16/2026 12:14
540,1,A8,1,15.06,20.55,4,2,5/16/2026 11:44,5/16/2026 12:44
541,1,A9,1,14.59,15.11,4,2,5/16/2026 12:23,5/16/2026 13:15
542,1,A10,1,21.41,25.18,4,2,5/16/2026 13:02,5/16/2026 13:42
543,1,A11,1,18.95,13.54,4,2,5/16/2026 13:38,5/16/2026 14:19
544,1,A12,1,13.2,13.29,4,2,5/16/2026 14:05,5/16/2026 14:49
545,1,A13,1,20.27,18.62,4,2,5/16/2026 14:29,5/16/2026 15:13
546,1,A14,1,19.63,14.99,4,2,5/16/2026 14:51,5/16/2026 15:34
547,1,A1,0,1.28,1.12,4,2,5/18/2026 9:07,5/18/2026 9:34
548,1,A2,0,0.7,0.49,4,2,5/18/2026 9:36,5/18/2026 9:55
549,1,A3,0,0.83,0.88,4,2,5/18/2026 10:05,5/18/2026 10:28
550,1,A4,1,17.47,21.07,4,2,5/18/2026 10:15,5/18/2026 10:52
551,1,A5,1,24.93,26.83,4,2,5/18/2026 10:50,5/18/2026 11:27
552,1,A6,1,19.76,26.29,4,2,5/18/2026 11:05,5/18/2026 12:03
553,1,A7,1,16.92,14.58,4,2,5/18/2026 11:38,5/18/2026 12:27
554,1,A8,2,36.44,41.67,4,2,5/18/2026 11:46,5/18/2026 12:51
555,1,A9,2,40.66,39.35,4,2,5/18/2026 12:21,5/18/2026 13:10
556,1,A10,1,24.85,23.24,4,2,5/18/2026 12:58,5/18/2026 13:38
557,1,A11,1,27.54,23.73,4,2,5/18/2026 13:14,5/18/2026 14:12
558,1,A12,1,20.52,20.23,4,2,5/18/2026 13:47,5/18/2026 14:31
559,1,A13,1,20.61,19.39,4,2,5/18/2026 14:13,5/18/2026 14:56
560,1,A1,0,0.1,0.64,4,2,5/19/2026 9:05,5/19/2026 9:26
561,1,A2,0,0.1,0.15,4,2,5/19/2026 9:43,5/19/2026 10:23
562,1,A3,1,13.56,17.66,4,2,5/19/2026 10:05,5/19/2026 10:51
563,1,A4,1,25.31,21.37,4,2,5/19/2026 10:28,5/19/2026 11:14
564,1,A5,1,19.92,21,4,2,5/19/2026 10:56,5/19/2026 11:36
565,1,A6,1,21.24,23.23,4,2,5/19/2026 11:36,5/19/2026 12:07
566,1,A7,1,25.36,18.74,4,2,5/19/2026 12:06,5/19/2026 12:43
567,1,A8,1,17.86,16.83,4,2,5/19/2026 12:30,5/19/2026 13:11
568,1,A9,1,19.55,16.36,4,2,5/19/2026 13:05,5/19/2026 13:35
569,1,A10,0,2.32,1.88,4,2,5/19/2026 13:38,5/19/2026 14:08
570,1,A11,1,15.93,11.57,4,2,5/19/2026 13:56,5/19/2026 14:37
571,1,A12,1,23.51,20.64,4,2,5/19/2026 14:31,5/19/2026 14:58
572,1,A13,1,21.36,19.68,4,2,5/19/2026 14:50,5/19/2026 15:20
573,1,A14,0,1.46,1.75,4,2,5/19/2026 15:28,5/19/2026 16:00
574,1,A1,0,1.34,1.64,4,2,5/20/2026 9:06,5/20/2026 9:31
575,1,A2,0,1.14,1.54,4,2,5/20/2026 9:44,5/20/2026 10:03
576,1,A3,0,0.95,0.91,4,2,5/20/2026 10:15,5/20/2026 10:42
577,1,A4,1,21.33,17.76,4,2,5/20/2026 10:36,5/20/2026 11:12
578,1,A5,1,20.17,17.71,4,2,5/20/2026 11:06,5/20/2026 11:38
579,1,A6,1,16.79,18.46,4,2,5/20/2026 11:35,5/20/2026 12:02
580,1,A7,0,0.73,0.55,4,2,5/20/2026 12:09,5/20/2026 12:31
581,1,A8,0,0.46,0.74,4,2,5/20/2026 12:46,5/20/2026 13:19
582,1,A9,1,28.18,30,4,2,5/20/2026 13:18,5/20/2026 13:44
583,1,A10,0,1.89,1.58,4,2,5/20/2026 13:49,5/20/2026 14:14
584,1,A11,0,1.56,1.62,4,2,5/20/2026 14:16,5/20/2026 14:50
585,1,A12,0,1.27,1.6,4,2,5/20/2026 14:54,5/20/2026 15:23
586,1,A13,0,3.66,3.61,4,2,5/20/2026 15:31,5/20/2026 15:54
587,1,A1,0,0.38,0.64,4,2,5/21/2026 9:06,5/21/2026 9:36
588,1,A2,0,1.32,0.67,4,2,5/21/2026 9:44,5/21/2026 10:05
589,1,A3,0,1.49,1.1,4,2,5/21/2026 10:11,5/21/2026 10:36
590,1,A4,0,0.77,0.15,4,2,5/21/2026 10:43,5/21/2026 11:10
591,1,A5,0,1.77,0.92,4,2,5/21/2026 11:20,5/21/2026 11:49
592,1,A6,0,0.91,1.46,4,2,5/21/2026 11:51,5/21/2026 12:19
593,1,A7,1,27.35,23.68,4,2,5/21/2026 12:03,5/21/2026 12:40
594,1,A8,1,10.79,13.02,4,2,5/21/2026 12:28,5/21/2026 13:00
595,1,A9,2,39.37,36.96,4,2,5/21/2026 12:35,5/21/2026 13:32
596,1,A10,2,44.71,44.64,4,2,5/21/2026 12:49,5/21/2026 13:51
597,1,A11,2,40.31,37.63,4,2,5/21/2026 13:14,5/21/2026 14:14
598,1,A12,1,15.99,18.66,4,2,5/21/2026 13:54,5/21/2026 14:39
599,1,A13,1,22.28,20.56,4,2,5/21/2026 14:32,5/21/2026 14:58
600,1,A14,0,1.82,1.63,4,2,5/21/2026 15:00,5/21/2026 15:20
601,1,A1,0,0.1,0.18,4,2,5/22/2026 9:01,5/22/2026 9:25
602,1,A2,0,0.7,0.56,4,2,5/22/2026 9:33,5/22/2026 9:59
603,1,A3,1,7.86,14.69,4,2,5/22/2026 9:40,5/22/2026 10:38
604,1,A4,2,36.14,37.67,4,2,5/22/2026 9:46,5/22/2026 11:10
605,1,A5,2,38.4,37.56,4,2,5/22/2026 10:09,5/22/2026 11:32
606,1,A6,2,37.17,41.68,4,2,5/22/2026 10:49,5/22/2026 12:05
607,1,A7,3,59.05,54.44,4,2,5/22/2026 11:05,5/22/2026 12:42
608,1,A8,3,49.37,42.18,4,2,5/22/2026 11:26,5/22/2026 13:14
609,1,A9,3,44.66,46.35,4,2,5/22/2026 12:05,5/22/2026 13:37
610,1,A10,3,55.03,54.76,4,2,5/22/2026 12:34,5/22/2026 14:06
611,1,A11,3,59.36,53.65,4,2,5/22/2026 13:14,5/22/2026 14:35
612,1,A12,2,41.41,39.97,4,2,5/22/2026 13:48,5/22/2026 14:59
613,1,A13,2,41.33,39.17,4,2,5/22/2026 14:10,5/22/2026 15:26
614,1,A14,3,53.64,50.52,4,2,5/22/2026 14:23,5/22/2026 15:57
615,1,A1,0,0.1,0.53,4,2,5/23/2026 9:10,5/23/2026 9:40
616,1,A2,1,15.73,19.06,4,2,5/23/2026 9:20,5/23/2026 10:08
617,1,A3,1,22.3,21.09,4,2,5/23/2026 9:46,5/23/2026 10:35
618,1,A4,1,25.57,17.44,4,2,5/23/2026 10:22,5/23/2026 11:06
619,1,A5,1,18.68,16.97,4,2,5/23/2026 11:00,5/23/2026 11:24
620,1,A6,1,21.37,26.07,4,2,5/23/2026 11:10,5/23/2026 11:53
621,1,A7,1,26.1,23.84,4,2,5/23/2026 11:31,5/23/2026 12:21
622,1,A8,1,33.51,27.2,4,2,5/23/2026 12:04,5/23/2026 12:51
623,1,A9,1,20.86,20.97,4,2,5/23/2026 12:38,5/23/2026 13:18
624,1,A10,1,20.52,19.35,4,2,5/23/2026 13:03,5/23/2026 13:36
625,1,A11,2,32.95,31.64,4,2,5/23/2026 13:10,5/23/2026 14:05
626,1,A12,2,28.39,27.98,4,2,5/23/2026 13:34,5/23/2026 14:32
627,1,A13,2,38.12,36.24,4,2,5/23/2026 14:02,5/23/2026 14:52
628,1,A14,1,21.67,20.99,4,2,5/23/2026 14:42,5/23/2026 15:17
629,1,A1,0,0.1,0.37,4,2,5/25/2026 9:03,5/25/2026 9:24
630,1,A2,0,0.53,0.33,4,2,5/25/2026 9:25,5/25/2026 9:53
631,1,A3,0,1.5,1.31,4,2,5/25/2026 10:01,5/25/2026 10:36
632,1,A4,1,27.46,29.2,4,2,5/25/2026 10:36,5/25/2026 11:07
633,1,A5,0,0.16,0.98,4,2,5/25/2026 11:09,5/25/2026 11:38
634,1,A6,1,15.79,19.5,4,2,5/25/2026 11:17,5/25/2026 12:04
635,1,A7,2,33.68,30.42,4,2,5/25/2026 11:29,5/25/2026 12:28
636,1,A8,1,15.57,19.53,4,2,5/25/2026 12:06,5/25/2026 12:54
637,1,A9,1,27.69,22.3,4,2,5/25/2026 12:38,5/25/2026 13:22
638,1,A10,1,21.24,21.08,4,2,5/25/2026 13:08,5/25/2026 13:45
639,1,A11,1,20.63,18.83,4,2,5/25/2026 13:39,5/25/2026 14:10
640,1,A12,1,17.46,21.39,4,2,5/25/2026 14:06,5/25/2026 14:35
641,1,A13,0,0.8,0.98,4,2,5/25/2026 14:42,5/25/2026 15:07
642,1,A14,0,0.7,0.51,4,2,5/25/2026 15:21,5/25/2026 15:49
643,1,A1,0,0.7,0.67,4,2,5/26/2026 9:10,5/26/2026 9:32
644,1,A2,0,1.15,0.67,4,2,5/26/2026 9:39,5/26/2026 10:00
645,1,A3,0,0.43,1.33,4,2,5/26/2026 10:08,5/26/2026 10:36
646,1,A4,1,22.84,21.72,4,2,5/26/2026 10:29,5/26/2026 10:57
647,1,A5,1,17.3,15.66,4,2,5/26/2026 10:53,5/26/2026 11:29
648,1,A6,1,24.91,21.7,4,2,5/26/2026 11:20,5/26/2026 11:49
649,1,A7,0,0.87,1.15,4,2,5/26/2026 11:56,5/26/2026 12:23
650,1,A8,1,25.5,24.24,4,2,5/26/2026 12:13,5/26/2026 12:41
651,1,A9,0,1.6,1.84,4,2,5/26/2026 12:52,5/26/2026 13:23
652,1,A10,1,18.86,25.57,4,2,5/26/2026 13:17,5/26/2026 13:49
653,1,A11,1,19.91,16.51,4,2,5/26/2026 13:33,5/26/2026 14:15
654,1,A12,2,28.08,28.98,4,2,5/26/2026 13:44,5/26/2026 14:35
655,1,A13,2,42.14,44.2,4,2,5/26/2026 14:04,5/26/2026 14:59
656,1,A14,1,19.77,18.53,4,2,5/26/2026 14:39,5/26/2026 15:17
657,1,A1,0,1.96,1.75,4,2,5/27/2026 9:03,5/27/2026 9:32
658,1,A2,1,14.47,21.61,4,2,5/27/2026 9:31,5/27/2026 10:02
659,1,A3,1,17.07,19.65,4,2,5/27/2026 9:37,5/27/2026 10:23
660,1,A4,1,22.69,20.36,4,2,5/27/2026 10:04,5/27/2026 10:50
661,1,A5,1,12.14,16.36,4,2,5/27/2026 10:29,5/27/2026 11:15
662,1,A6,2,48.88,48.85,4,2,5/27/2026 10:44,5/27/2026 11:39
663,1,A7,1,13.15,16.79,4,2,5/27/2026 11:24,5/27/2026 12:05
664,1,A8,2,33.59,36.54,4,2,5/27/2026 11:34,5/27/2026 12:39
665,1,A9,2,35.89,36.73,4,2,5/27/2026 12:05,5/27/2026 13:09
666,1,A10,1,12.27,13.21,4,2,5/27/2026 12:40,5/27/2026 13:31
667,1,A11,1,16.62,22.77,4,2,5/27/2026 13:19,5/27/2026 13:59
668,1,A12,1,26.07,23.71,4,2,5/27/2026 13:45,5/27/2026 14:17
669,1,A13,0,0.45,0.57,4,2,5/27/2026 14:20,5/27/2026 14:53
670,1,A1,0,0.5,1.02,4,2,5/28/2026 9:04,5/28/2026 9:29
671,1,A2,0,1.32,1.44,4,2,5/28/2026 9:35,5/28/2026 10:01
672,1,A3,1,23.48,24.99,4,2,5/28/2026 9:57,5/28/2026 10:29
673,1,A4,1,19.09,18.94,4,2,5/28/2026 10:24,5/28/2026 10:58
674,1,A5,1,28.23,24.01,4,2,5/28/2026 10:43,5/28/2026 11:21
675,1,A6,1,22.68,16.35,4,2,5/28/2026 11:13,5/28/2026 11:51
676,1,A7,1,16.73,21.24,4,2,5/28/2026 11:40,5/28/2026 12:17
677,1,A8,2,42.61,39.46,4,2,5/28/2026 11:48,5/28/2026 12:44
678,1,A9,2,45.08,40.65,4,2,5/28/2026 12:08,5/28/2026 13:06
679,1,A10,2,41.26,39.02,4,2,5/28/2026 12:39,5/28/2026 13:26
680,1,A11,2,24.75,31.18,4,2,5/28/2026 12:59,5/28/2026 13:46
681,1,A12,2,41.94,47.52,4,2,5/28/2026 13:16,5/28/2026 14:23
682,1,A13,2,29.73,31.82,4,2,5/28/2026 13:28,5/28/2026 14:52
683,1,A1,0,0.71,0.58,4,2,5/29/2026 9:07,5/29/2026 9:38
684,1,A2,0,1.21,0.82,4,2,5/29/2026 9:44,5/29/2026 10:07
685,1,A3,0,1.51,1.09,4,2,5/29/2026 10:22,5/29/2026 10:40
686,1,A4,1,39.81,34.6,4,2,5/29/2026 10:30,5/29/2026 11:03
687,1,A5,1,15.59,19.66,4,2,5/29/2026 10:58,5/29/2026 11:28
688,1,A6,0,1.37,1.3,4,2,5/29/2026 11:31,5/29/2026 11:55
689,1,A7,0,0.32,0.4,4,2,5/29/2026 12:00,5/29/2026 12:33
690,1,A8,1,11.38,7.75,4,2,5/29/2026 12:11,5/29/2026 13:04
691,1,A9,1,19.33,20.25,4,2,5/29/2026 12:37,5/29/2026 13:33
692,1,A10,1,16.52,15.02,4,2,5/29/2026 13:16,5/29/2026 13:55
693,1,A11,1,20.35,14.94,4,2,5/29/2026 13:51,5/29/2026 14:28
694,1,A12,0,1.5,1.28,4,2,5/29/2026 14:29,5/29/2026 14:58
695,1,A13,1,16.95,18.87,4,2,5/29/2026 14:45,5/29/2026 15:30
696,1,A14,1,25.73,21.79,4,2,5/29/2026 15:12,5/29/2026 15:53
697,1,A1,0,0.95,1.13,4,2,5/30/2026 9:04,5/30/2026 9:32
698,1,A2,0,2.21,1.64,4,2,5/30/2026 9:39,5/30/2026 10:06
699,1,A3,0,0.36,0.41,4,2,5/30/2026 10:17,5/30/2026 10:47
700,1,A4,1,21.87,21.36,4,2,5/30/2026 10:41,5/30/2026 11:21
701,1,A5,1,16.35,20.39,4,2,5/30/2026 11:04,5/30/2026 11:51
702,1,A6,1,19.9,21.93,4,2,5/30/2026 11:43,5/30/2026 12:25
703,1,A7,1,17.83,19.96,4,2,5/30/2026 11:55,5/30/2026 12:49
704,1,A8,2,28.16,31.08,4,2,5/30/2026 12:19,5/30/2026 13:07
705,1,A9,2,32.8,37.43,4,2,5/30/2026 12:27,5/30/2026 13:29
706,1,A10,2,36.84,36.82,4,2,5/30/2026 12:50,5/30/2026 13:58
707,1,A11,1,24.26,17.96,4,2,5/30/2026 13:30,5/30/2026 14:20
708,1,A12,2,26.81,30.54,4,2,5/30/2026 13:44,5/30/2026 14:52
709,1,A13,3,46.84,44.61,4,2,5/30/2026 13:56,5/30/2026 15:14
710,1,A14,2,21.69,21.71,4,2,5/30/2026 14:23,5/30/2026 15:33
711,1,A1,0,0.23,0.55,4,2,6/1/2026 9:09,6/1/2026 9:34
712,1,A2,1,17.95,20.74,4,2,6/1/2026 9:28,6/1/2026 10:06
713,1,A3,1,15.29,18.28,4,2,6/1/2026 9:58,6/1/2026 10:31
714,1,A4,1,12.15,14.44,4,2,6/1/2026 10:14,6/1/2026 11:04
715,1,A5,1,32.87,23.75,4,2,6/1/2026 10:53,6/1/2026 11:22
716,1,A6,0,0.67,0.42,4,2,6/1/2026 11:25,6/1/2026 12:02
717,1,A7,1,21.02,18.55,4,2,6/1/2026 11:56,6/1/2026 12:23
718,1,A8,0,1.45,1.3,4,2,6/1/2026 12:27,6/1/2026 12:47
719,1,A9,0,1,1.7,4,2,6/1/2026 12:50,6/1/2026 13:09
720,1,A10,0,0.7,0.61,4,2,6/1/2026 13:16,6/1/2026 13:39
721,1,A11,0,1.41,1.05,4,2,6/1/2026 13:46,6/1/2026 14:20
722,1,A12,1,22.44,20.68,4,2,6/1/2026 14:13,6/1/2026 14:45
723,1,A13,1,17.77,18.93,4,2,6/1/2026 14:34,6/1/2026 15:22
724,1,A1,0,0.73,1.46,4,2,6/2/2026 9:10,6/2/2026 9:36
725,1,A2,1,21.13,23.24,4,2,6/2/2026 9:17,6/2/2026 10:02
726,1,A3,1,19.16,17.84,4,2,6/2/2026 9:46,6/2/2026 10:25
727,1,A4,1,24.05,19.3,4,2,6/2/2026 10:04,6/2/2026 11:00
728,1,A5,1,22.24,21.85,4,2,6/2/2026 10:34,6/2/2026 11:31
729,1,A6,2,46.09,46,4,2,6/2/2026 10:54,6/2/2026 11:59
730,1,A7,2,40.52,39.68,4,2,6/2/2026 11:19,6/2/2026 12:23
731,1,A8,2,34.82,38.76,4,2,6/2/2026 11:57,6/2/2026 12:56
732,1,A9,2,35.39,35.44,4,2,6/2/2026 12:10,6/2/2026 13:30
733,1,A10,2,30,34.62,4,2,6/2/2026 12:33,6/2/2026 13:55
734,1,A11,2,26.94,30.56,4,2,6/2/2026 13:04,6/2/2026 14:21
735,1,A12,3,41.26,47.2,4,2,6/2/2026 13:10,6/2/2026 14:47
736,1,A13,3,47.93,44.37,4,2,6/2/2026 13:48,6/2/2026 15:15
737,1,A14,3,50.66,46.53,4,2,6/2/2026 14:03,6/2/2026 15:39
,,,,,,,,,
,,,,,,,,,
,,,,,,,,,
,,,,,,,,,
,,,,,,,,,
,,,,,,,,,
,,,,,,,,,
,,,,,,,,,
,,,,,,,,,
,,,,,,,,,
,,,,,,,,,
,,,,,,,,,
,,,,,,,,,
,,,,,,,,,
,,,,,,,,,
,,,,,,,,,
,,,,,,,,,
,,,,,,,,,
,,,,,,,,,
,,,,,,,,,
,,,,,,,,,
,,,,,,,,,
,,,,,,,,,
,,,,,,,,,
,,,,,,,,,
,,,,,,,,,
,,,,,,,,,
,,,,,,,,,
,,,,,,,,,
,,,,,,,,,
,,,,,,,,,
,,,,,,,,,
,,,,,,,,,
,,,,,,,,,
,,,,,,,,,
,,,,,,,,,
,,,,,,,,,
,,,,,,,,,
,,,,,,,,,
,,,,,,,,,
,,,,,,,,,
,,,,,,,,,
,,,,,,,,,
,,,,,,,,,
,,,,,,,,,
,,,,,,,,,
,,,,,,,,,
,,,,,,,,,
,,,,,,,,,
,,,,,,,,,
,,,,,,,,,
,,,,,,,,,
,,,,,,,,,
,,,,,,,,,
,,,,,,,,,
,,,,,,,,,
,,,,,,,,,
,,,,,,,,,
,,,,,,,,,
,,,,,,,,,
,,,,,,,,,
,,,,,,,,,
,,,,,,,,,
,,,,,,,,,
,,,,,,,,,
,,,,,,,,,
,,,,,,,,,
,,,,,,,,,
,,,,,,,,,
,,,,,,,,,
,,,,,,,,,
,,,,,,,,,
,,,,,,,,,
,,,,,,,,,
,,,,,,,,,
,,,,,,,,,
,,,,,,,,,
,,,,,,,,,
,,,,,,,,,
,,,,,,,,,
,,,,,,,,,
,,,,,,,,,
,,,,,,,,,
,,,,,,,,,
,,,,,,,,,
,,,,,,,,,
,,,,,,,,,
,,,,,,,,,
,,,,,,,,,
,,,,,,,,,
,,,,,,,,,
,,,,,,,,,
,,,,,,,,,
,,,,,,,,,
,,,,,,,,,
,,,,,,,,,
,,,,,,,,,
,,,,,,,,,
,,,,,,,,,
,,,,,,,,,
,,,,,,,,,
,,,,,,,,,
,,,,,,,,,
,,,,,,,,,
,,,,,,,,,
,,,,,,,,,
,,,,,,,,,
,,,,,,,,,
,,,,,,,,,
,,,,,,,,,
,,,,,,,,,
,,,,,,,,,
,,,,,,,,,
,,,,,,,,,
,,,,,,,,,
,,,,,,,,,
,,,,,,,,,
,,,,,,,,,
,,,,,,,,,
,,,,,,,,,
,,,,,,,,,
,,,,,,,,,
,,,,,,,,,
,,,,,,,,,
,,,,,,,,,
,,,,,,,,,
,,,,,,,,,
,,,,,,,,,
,,,,,,,,,
,,,,,,,,,
,,,,,,,,,
,,,,,,,,,
,,,,,,,,,
,,,,,,,,,
,,,,,,,,,
,,,,,,,,,
,,,,,,,,,
,,,,,,,,,
,,,,,,,,,
,,,,,,,,,
,,,,,,,,,
,,,,,,,,,
,,,,,,,,,
,,,,,,,,,
,,,,,,,,,
,,,,,,,,,
,,,,,,,,,
,,,,,,,,,
,,,,,,,,,
,,,,,,,,,
,,,,,,,,,
,,,,,,,,,
,,,,,,,,,
,,,,,,,,,
,,,,,,,,,
,,,,,,,,,
,,,,,,,,,
,,,,,,,,,
,,,,,,,,,
,,,,,,,,,
,,,,,,,,,
,,,,,,,,,
,,,,,,,,,
,,,,,,,,,
,,,,,,,,,
,,,,,,,,,
,,,,,,,,,
,,,,,,,,,
,,,,,,,,,
,,,,,,,,,
,,,,,,,,,
,,,,,,,,,
,,,,,,,,,
,,,,,,,,,
,,,,,,,,,
,,,,,,,,,
,,,,,,,,,
,,,,,,,,,
,,,,,,,,,
,,,,,,,,,
,,,,,,,,,
,,,,,,,,,
,,,,,,,,,
,,,,,,,,,
,,,,,,,,,
,,,,,,,,,
,,,,,,,,,
,,,,,,,,,
,,,,,,,,,
,,,,,,,,,
,,,,,,,,,
,,,,,,,,,
,,,,,,,,,
,,,,,,,,,
,,,,,,,,,
,,,,,,,,,
,,,,,,,,,
,,,,,,,,,
,,,,,,,,,
,,,,,,,,,
,,,,,,,,,
,,,,,,,,,
,,,,,,,,,
,,,,,,,,,
,,,,,,,,,
,,,,,,,,,
,,,,,,,,,
,,,,,,,,,
,,,,,,,,,
,,,,,,,,,
,,,,,,,,,
,,,,,,,,,
,,,,,,,,,
,,,,,,,,,
,,,,,,,,,
,,,,,,,,,
,,,,,,,,,
,,,,,,,,,
,,,,,,,,,
,,,,,,,,,
,,,,,,,,,
,,,,,,,,,
,,,,,,,,,
,,,,,,,,,
,,,,,,,,,
,,,,,,,,,
,,,,,,,,,
,,,,,,,,,
,,,,,,,,,
,,,,,,,,,
,,,,,,,,,
,,,,,,,,,
,,,,,,,,,
,,,,,,,,,
,,,,,,,,,
,,,,,,,,,
,,,,,,,,,
,,,,,,,,,
,,,,,,,,,
,,,,,,,,,
,,,,,,,,,
,,,,,,,,,
,,,,,,,,,
,,,,,,,,,
,,,,,,,,,
,,,,,,,,,
,,,,,,,,,
,,,,,,,,,
,,,,,,,,,
,,,,,,,,,
,,,,,,,,,
,,,,,,,,,
,,,,,,,,,
,,,,,,,,,
,,,,,,,,,
,,,,,,,,,
,,,,,,,,,
,,,,,,,,,
,,,,,,,,,
,,,,,,,,,
,,,,,,,,,
,,,,,,,,,
,,,,,,,,,
,,,,,,,,,
,,,,,,,,,
,,,,,,,,,
,,,,,,,,,
,,,,,,,,,
,,,,,,,,,
,,,,,,,,,
,,,,,,,,,
,,,,,,,,,
,,,,,,,,,
,,,,,,,,,
,,,,,,,,,
,,,,,,,,,
,,,,,,,,,
,,,,,,,,,
,,,,,,,,,
,,,,,,,,,
,,,,,,,,,
,,,,,,,,,
,,,,,,,,,
,,,,,,,,,
,,,,,,,,,
,,,,,,,,,
,,,,,,,,,
,,,,,,,,,
,,,,,,,,,
,,,,,,,,,
,,,,,,,,,
,,,,,,,,,
,,,,,,,,,
,,,,,,,,,
,,,,,,,,,
,,,,,,,,,
,,,,,,,,,
,,,,,,,,,
,,,,,,,,,
,,,,,,,,,
,,,,,,,,,
,,,,,,,,,
,,,,,,,,,
,,,,,,,,,
,,,,,,,,,
,,,,,,,,,
,,,,,,,,,
,,,,,,,,,
,,,,,,,,,
,,,,,,,,,
,,,,,,,,,
,,,,,,,,,
,,,,,,,,,
,,,,,,,,,
,,,,,,,,,
,,,,,,,,,
,,,,,,,,,
,,,,,,,,,
,,,,,,,,,
,,,,,,,,,
,,,,,,,,,
,,,,,,,,,
,,,,,,,,,
,,,,,,,,,
,,,,,,,,,
,,,,,,,,,
,,,,,,,,,
