id,patient_id,queue_number,prediction_time,actual_time,status_id,clinic_id,created_at,updated_at
909,1,A1,,1.17,4,2,6/1/2026 9:02,6/1/2026 9:03
910,1,A2,,57.82,4,2,6/1/2026 9:10,6/1/2026 10:08
911,1,A3,,46.6,4,2,6/1/2026 9:21,6/1/2026 10:08
912,1,A4,,39.37,4,2,6/1/2026 9:30,6/1/2026 10:10
913,1,A5,,41.95,4,2,6/1/2026 9:38,6/1/2026 10:20
914,1,A6,,32.73,4,2,6/1/2026 9:43,6/1/2026 10:16
915,1,A7,,58.51,4,2,6/1/2026 9:50,6/1/2026 10:49
916,1,A8,,41.51,4,2,6/1/2026 9:55,6/1/2026 10:37
917,1,A9,,55.12,4,2,6/1/2026 10:06,6/1/2026 11:01
918,1,A10,,40.06,4,2,6/1/2026 10:21,6/1/2026 11:01
919,1,A11,,54.91,4,2,6/1/2026 10:35,6/1/2026 11:30
920,1,A12,,39.92,4,2,6/1/2026 10:42,6/1/2026 11:22
921,1,A13,,52.42,4,2,6/1/2026 10:47,6/1/2026 11:40
922,1,A14,,42.28,4,2,6/1/2026 10:52,6/1/2026 11:35
923,1,A15,,33.84,4,2,6/1/2026 11:04,6/1/2026 11:38
924,1,A16,,34.03,4,2,6/1/2026 11:15,6/1/2026 11:49
925,1,A17,,49.96,4,2,6/1/2026 11:29,6/1/2026 12:19
926,1,A18,,38.13,4,2,6/1/2026 11:42,6/1/2026 12:20
927,1,A19,,55.49,4,2,6/1/2026 11:53,6/1/2026 12:49
928,1,A20,,35.05,4,2,6/1/2026 12:00,6/1/2026 12:35
929,1,A21,,59.12,4,2,6/1/2026 12:10,6/1/2026 13:09
930,1,A22,,34.1,4,2,6/1/2026 12:23,6/1/2026 12:57
931,1,A23,,53.72,4,2,6/1/2026 12:29,6/1/2026 13:23
932,1,A24,,47.37,4,2,6/1/2026 12:37,6/1/2026 13:25
933,1,A25,,31.12,4,2,6/1/2026 12:50,6/1/2026 13:21
934,1,A1,,2.37,4,2,6/2/2026 9:36,6/2/2026 9:38
935,1,A2,,81.56,4,2,6/2/2026 9:43,6/2/2026 11:04
936,1,A3,,18.7,4,2,6/2/2026 9:49,6/2/2026 10:08
937,1,A4,,44.18,4,2,6/2/2026 9:57,6/2/2026 10:41
938,1,A5,,30.42,4,2,6/2/2026 10:09,6/2/2026 10:39
939,1,A6,,78.41,4,2,6/2/2026 10:22,6/2/2026 11:40
940,1,A7,,52.61,4,2,6/2/2026 10:32,6/2/2026 11:24
941,1,A8,,55.88,4,2,6/2/2026 10:46,6/2/2026 11:42
942,1,A9,,111.64,4,2,6/2/2026 10:52,6/2/2026 12:43
943,1,A10,,47.95,4,2,6/2/2026 11:02,6/2/2026 11:50
944,1,A11,,59.61,4,2,6/2/2026 11:12,6/2/2026 12:11
945,1,A1,,1.77,4,2,6/3/2026 9:07,6/3/2026 9:09
946,1,A2,,39.81,4,2,6/3/2026 9:14,6/3/2026 9:54
947,1,A3,,39.62,4,2,6/3/2026 9:19,6/3/2026 9:59
948,1,A4,,33.17,4,2,6/3/2026 9:30,6/3/2026 10:03
949,1,A5,,16.66,4,2,6/3/2026 9:41,6/3/2026 9:58
950,1,A6,,58.69,4,2,6/3/2026 9:48,6/3/2026 10:47
951,1,A7,,28.16,4,2,6/3/2026 9:54,6/3/2026 10:22
952,1,A8,,40.51,4,2,6/3/2026 10:07,6/3/2026 10:47
953,1,A9,,50.87,4,2,6/3/2026 10:20,6/3/2026 11:11
954,1,A10,,48.71,4,2,6/3/2026 10:29,6/3/2026 11:18
955,1,A11,,53.3,4,2,6/3/2026 10:41,6/3/2026 11:34
956,1,A12,,24.27,4,2,6/3/2026 10:50,6/3/2026 11:14
957,1,A13,,47.75,4,2,6/3/2026 10:58,6/3/2026 11:46
958,1,A1,,1.27,4,2,6/4/2026 9:40,6/4/2026 9:41
959,1,A2,,48.97,4,2,6/4/2026 9:54,6/4/2026 10:43
960,1,A3,,44.67,4,2,6/4/2026 10:00,6/4/2026 10:45
961,1,A4,,22.18,4,2,6/4/2026 10:06,6/4/2026 10:28
962,1,A5,,47.37,4,2,6/4/2026 10:15,6/4/2026 11:02
963,1,A6,,56.03,4,2,6/4/2026 10:22,6/4/2026 11:18
964,1,A7,,38.52,4,2,6/4/2026 10:27,6/4/2026 11:06
965,1,A8,,45.71,4,2,6/4/2026 10:41,6/4/2026 11:27
966,1,A9,,36.98,4,2,6/4/2026 10:51,6/4/2026 11:28
967,1,A10,,33.12,4,2,6/4/2026 10:56,6/4/2026 11:29
968,1,A11,,39.46,4,2,6/4/2026 11:10,6/4/2026 11:50
969,1,A12,,49.27,4,2,6/4/2026 11:15,6/4/2026 12:04
970,1,A13,,34.64,4,2,6/4/2026 11:26,6/4/2026 12:01
971,1,A14,,52.5,4,2,6/4/2026 11:34,6/4/2026 12:27
972,1,A15,,40.91,4,2,6/4/2026 11:45,6/4/2026 12:26
973,1,A16,,55.06,4,2,6/4/2026 11:54,6/4/2026 12:49
974,1,A17,,36.93,4,2,6/4/2026 11:59,6/4/2026 12:36
975,1,A18,,58.9,4,2,6/4/2026 12:09,6/4/2026 13:08
976,1,A19,,59.84,4,2,6/4/2026 12:14,6/4/2026 13:14
977,1,A1,,0.61,4,2,6/5/2026 10:20,6/5/2026 10:20
978,1,A2,,53.6,4,2,6/5/2026 10:25,6/5/2026 11:18
979,1,A3,,50.68,4,2,6/5/2026 10:40,6/5/2026 11:30
980,1,A4,,59.98,4,2,6/5/2026 10:52,6/5/2026 11:52
981,1,A5,,43.57,4,2,6/5/2026 10:58,6/5/2026 11:41
982,1,A6,,44.05,4,2,6/5/2026 11:10,6/5/2026 11:54
983,1,A7,,39.56,4,2,6/5/2026 11:17,6/5/2026 11:56
984,1,A8,,19.25,4,2,6/5/2026 11:31,6/5/2026 11:50
985,1,A9,,34.25,4,2,6/5/2026 11:36,6/5/2026 12:10
986,1,A10,,53.57,4,2,6/5/2026 11:44,6/5/2026 12:37
987,1,A1,,0.51,4,2,6/6/2026 9:36,6/6/2026 9:36
988,1,A2,,42.82,4,2,6/6/2026 9:51,6/6/2026 10:33
989,1,A3,,46.85,4,2,6/6/2026 10:00,6/6/2026 10:46
990,1,A4,,39.9,4,2,6/6/2026 10:13,6/6/2026 10:52
991,1,A5,,57.31,4,2,6/6/2026 10:21,6/6/2026 11:18
992,1,A6,,33.52,4,2,6/6/2026 10:32,6/6/2026 11:05
993,1,A7,,24.04,4,2,6/6/2026 10:39,6/6/2026 11:03
994,1,A8,,56.76,4,2,6/6/2026 10:50,6/6/2026 11:46
995,1,A9,,51.05,4,2,6/6/2026 11:01,6/6/2026 11:52
996,1,A10,,48.77,4,2,6/6/2026 11:15,6/6/2026 12:03
997,1,A11,,42.69,4,2,6/6/2026 11:27,6/6/2026 12:09
998,1,A12,,16.66,4,2,6/6/2026 11:35,6/6/2026 11:51
999,1,A1,,2.26,4,2,6/8/2026 10:29,6/8/2026 10:31
1000,1,A2,,19.86,4,2,6/8/2026 10:39,6/8/2026 10:58
1001,1,A3,,67.53,4,2,6/8/2026 10:49,6/8/2026 11:56
1002,1,A4,,52.72,4,2,6/8/2026 10:54,6/8/2026 11:46
1003,1,A5,,36.45,4,2,6/8/2026 11:02,6/8/2026 11:38
1004,1,A6,,36.57,4,2,6/8/2026 11:12,6/8/2026 11:48
1005,1,A7,,58.98,4,2,6/8/2026 11:19,6/8/2026 12:18
1006,1,A8,,44.05,4,2,6/8/2026 11:29,6/8/2026 12:13
1007,1,A9,,19.06,4,2,6/8/2026 11:37,6/8/2026 11:56
1008,1,A10,,38.94,4,2,6/8/2026 11:42,6/8/2026 12:21
1009,1,A11,,40.2,4,2,6/8/2026 11:50,6/8/2026 12:30
1010,1,A1,,0.69,4,2,6/9/2026 10:44,6/9/2026 10:45
1011,1,A2,,59.32,4,2,6/9/2026 10:52,6/9/2026 11:52
1012,1,A3,,33.01,4,2,6/9/2026 10:57,6/9/2026 11:30
1013,1,A4,,23.32,4,2,6/9/2026 11:04,6/9/2026 11:28
1014,1,A5,,40.2,4,2,6/9/2026 11:09,6/9/2026 11:49
1015,1,A6,,48.66,4,2,6/9/2026 11:20,6/9/2026 12:09
1016,1,A7,,41.37,4,2,6/9/2026 11:25,6/9/2026 12:07
1017,1,A8,,41.02,4,2,6/9/2026 11:33,6/9/2026 12:14
1018,1,A9,,25.07,4,2,6/9/2026 11:44,6/9/2026 12:09
1019,1,A10,,83.53,4,2,6/9/2026 11:57,6/9/2026 13:21
1020,1,A11,,33.84,4,2,6/9/2026 12:12,6/9/2026 12:46
1021,1,A12,,33.19,4,2,6/9/2026 12:20,6/9/2026 12:53
1022,1,A13,,42.21,4,2,6/9/2026 12:35,6/9/2026 13:17
1023,1,A14,,15.1,4,2,6/9/2026 12:46,6/9/2026 13:01
1024,1,A15,,57.61,4,2,6/9/2026 12:53,6/9/2026 13:51
1025,1,A16,,37.2,4,2,6/9/2026 13:05,6/9/2026 13:42
1026,1,A17,,49.91,4,2,6/9/2026 13:20,6/9/2026 14:10
1027,1,A18,,35.8,4,2,6/9/2026 13:35,6/9/2026 14:11
1028,1,A19,,34.05,4,2,6/9/2026 13:46,6/9/2026 14:20
1029,1,A20,,22.8,4,2,6/9/2026 13:58,6/9/2026 14:21
1030,1,A21,,36.45,4,2,6/9/2026 14:11,6/9/2026 14:48
1031,1,A22,,20.05,4,2,6/9/2026 14:18,6/9/2026 14:38
1032,1,A1,,2.22,4,2,6/10/2026 10:02,6/10/2026 10:05
1033,1,A2,,56.01,4,2,6/10/2026 10:11,6/10/2026 11:07
1034,1,A3,,17.39,4,2,6/10/2026 10:16,6/10/2026 10:34
1035,1,A4,,25.95,4,2,6/10/2026 10:28,6/10/2026 10:54
1036,1,A5,,50.38,4,2,6/10/2026 10:42,6/10/2026 11:33
1037,1,A6,,46.1,4,2,6/10/2026 10:50,6/10/2026 11:36
1038,1,A7,,56.95,4,2,6/10/2026 11:05,6/10/2026 12:02
1039,1,A8,,48.69,4,2,6/10/2026 11:14,6/10/2026 12:03
1040,1,A9,,44.67,4,2,6/10/2026 11:27,6/10/2026 12:12
1041,1,A10,,35.13,4,2,6/10/2026 11:37,6/10/2026 12:12
1042,1,A11,,53.16,4,2,6/10/2026 11:52,6/10/2026 12:45
1043,1,A12,,24.07,4,2,6/10/2026 12:02,6/10/2026 12:26
1044,1,A13,,118.79,4,2,6/10/2026 12:16,6/10/2026 14:15
1045,1,A14,,17.7,4,2,6/10/2026 12:24,6/10/2026 12:42
1046,1,A15,,36.44,4,2,6/10/2026 12:35,6/10/2026 13:12
1047,1,A16,,33.02,4,2,6/10/2026 12:40,6/10/2026 13:13
1048,1,A17,,59.3,4,2,6/10/2026 12:46,6/10/2026 13:46
1049,1,A18,,43.65,4,2,6/10/2026 12:51,6/10/2026 13:35
1050,1,A19,,17.12,4,2,6/10/2026 13:01,6/10/2026 13:18
1051,1,A20,,69.94,4,2,6/10/2026 13:12,6/10/2026 14:22
1052,1,A21,,32.93,4,2,6/10/2026 13:21,6/10/2026 13:54
1053,1,A1,,2.25,4,2,6/11/2026 9:44,6/11/2026 9:47
1054,1,A2,,24.22,4,2,6/11/2026 9:59,6/11/2026 10:24
1055,1,A3,,55.32,4,2,6/11/2026 10:13,6/11/2026 11:09
1056,1,A4,,41.46,4,2,6/11/2026 10:23,6/11/2026 11:05
1057,1,A5,,42.58,4,2,6/11/2026 10:32,6/11/2026 11:15
1058,1,A6,,56.78,4,2,6/11/2026 10:37,6/11/2026 11:34
1059,1,A7,,55.7,4,2,6/11/2026 10:50,6/11/2026 11:46
1060,1,A8,,49.15,4,2,6/11/2026 11:03,6/11/2026 11:53
1061,1,A9,,52.02,4,2,6/11/2026 11:10,6/11/2026 12:02
1062,1,A10,,50.2,4,2,6/11/2026 11:21,6/11/2026 12:12
1063,1,A11,,47.17,4,2,6/11/2026 11:28,6/11/2026 12:16
1064,1,A12,,25.93,4,2,6/11/2026 11:39,6/11/2026 12:05
1065,1,A13,,57.89,4,2,6/11/2026 11:49,6/11/2026 12:47
1066,1,A14,,37.23,4,2,6/11/2026 11:55,6/11/2026 12:33
1067,1,A15,,37.44,4,2,6/11/2026 12:04,6/11/2026 12:42
1068,1,A16,,42.02,4,2,6/11/2026 12:17,6/11/2026 12:59
1069,1,A17,,46.32,4,2,6/11/2026 12:29,6/11/2026 13:16
1070,1,A18,,39.33,4,2,6/11/2026 12:34,6/11/2026 13:14
1071,1,A1,,1.92,4,2,6/12/2026 9:41,6/12/2026 9:43
1072,1,A2,,34.44,4,2,6/12/2026 9:50,6/12/2026 10:24
1073,1,A3,,45.23,4,2,6/12/2026 10:03,6/12/2026 10:48
1074,1,A4,,58.05,4,2,6/12/2026 10:09,6/12/2026 11:07
1075,1,A5,,48.5,4,2,6/12/2026 10:24,6/12/2026 11:12
1076,1,A6,,33.14,4,2,6/12/2026 10:30,6/12/2026 11:03
1077,1,A7,,34.44,4,2,6/12/2026 10:35,6/12/2026 11:09
1078,1,A8,,31.29,4,2,6/12/2026 10:44,6/12/2026 11:15
1079,1,A9,,37.84,4,2,6/12/2026 10:54,6/12/2026 11:32
1080,1,A10,,30.85,4,2,6/12/2026 11:01,6/12/2026 11:32
1081,1,A11,,38.55,4,2,6/12/2026 11:15,6/12/2026 11:53
1082,1,A12,,39.29,4,2,6/12/2026 11:20,6/12/2026 11:59
1083,1,A13,,38.49,4,2,6/12/2026 11:30,6/12/2026 12:08
1084,1,A14,,29.66,4,2,6/12/2026 11:39,6/12/2026 12:09
1085,1,A15,,58.35,4,2,6/12/2026 11:50,6/12/2026 12:48
1086,1,A16,,86.26,4,2,6/12/2026 11:56,6/12/2026 13:22
1087,1,A17,,53.05,4,2,6/12/2026 12:07,6/12/2026 13:00
1088,1,A18,,56.37,4,2,6/12/2026 12:15,6/12/2026 13:11
1089,1,A19,,50.75,4,2,6/12/2026 12:25,6/12/2026 13:16
1090,1,A20,,36.82,4,2,6/12/2026 12:31,6/12/2026 13:08
1091,1,A21,,39.1,4,2,6/12/2026 12:36,6/12/2026 13:15
1092,1,A22,,32.55,4,2,6/12/2026 12:42,6/12/2026 13:14
1093,1,A23,,52.66,4,2,6/12/2026 12:48,6/12/2026 13:41
1094,1,A24,,38.21,4,2,6/12/2026 12:53,6/12/2026 13:31
1095,1,A1,,2.21,4,2,6/13/2026 9:18,6/13/2026 9:20
1096,1,A2,,44.63,4,2,6/13/2026 9:27,6/13/2026 10:11
1097,1,A3,,32.26,4,2,6/13/2026 9:41,6/13/2026 10:13
1098,1,A4,,33.24,4,2,6/13/2026 9:47,6/13/2026 10:20
1099,1,A5,,55.77,4,2,6/13/2026 9:57,6/13/2026 10:52
1100,1,A6,,50.41,4,2,6/13/2026 10:11,6/13/2026 11:01
1101,1,A7,,45.08,4,2,6/13/2026 10:25,6/13/2026 11:10
1102,1,A8,,54.15,4,2,6/13/2026 10:34,6/13/2026 11:28
1103,1,A9,,52.5,4,2,6/13/2026 10:46,6/13/2026 11:38
1104,1,A10,,79.25,4,2,6/13/2026 10:57,6/13/2026 12:16
1105,1,A11,,56.48,4,2,6/13/2026 11:03,6/13/2026 11:59
1106,1,A12,,47.53,4,2,6/13/2026 11:13,6/13/2026 12:00
1107,1,A13,,58.63,4,2,6/13/2026 11:18,6/13/2026 12:16
1108,1,A14,,48.49,4,2,6/13/2026 11:27,6/13/2026 12:15
1109,1,A1,,0.55,4,2,6/15/2026 10:05,6/15/2026 10:05
1110,1,A2,,39.78,4,2,6/15/2026 10:15,6/15/2026 10:54
1111,1,A3,,28.87,4,2,6/15/2026 10:28,6/15/2026 10:56
1112,1,A4,,50.2,4,2,6/15/2026 10:41,6/15/2026 11:31
1113,1,A5,,40.36,4,2,6/15/2026 10:52,6/15/2026 11:32
1114,1,A6,,45.68,4,2,6/15/2026 11:00,6/15/2026 11:45
1115,1,A7,,45.67,4,2,6/15/2026 11:08,6/15/2026 11:53
1116,1,A8,,33.43,4,2,6/15/2026 11:18,6/15/2026 11:51
1117,1,A9,,57.13,4,2,6/15/2026 11:25,6/15/2026 12:22
1118,1,A10,,49.52,4,2,6/15/2026 11:34,6/15/2026 12:23
1119,1,A11,,38.14,4,2,6/15/2026 11:47,6/15/2026 12:25
1120,1,A12,,16.74,4,2,6/15/2026 12:02,6/15/2026 12:18
1121,1,A13,,28.75,4,2,6/15/2026 12:11,6/15/2026 12:39
1122,1,A14,,59.47,4,2,6/15/2026 12:22,6/15/2026 13:21
1123,1,A15,,54.72,4,2,6/15/2026 12:29,6/15/2026 13:23
1124,1,A16,,59.53,4,2,6/15/2026 12:35,6/15/2026 13:34
1125,1,A17,,45.67,4,2,6/15/2026 12:44,6/15/2026 13:29
1126,1,A18,,36.38,4,2,6/15/2026 12:59,6/15/2026 13:35
1127,1,A19,,48.55,4,2,6/15/2026 13:11,6/15/2026 13:59
1128,1,A20,,33.41,4,2,6/15/2026 13:19,6/15/2026 13:52
1129,1,A21,,56.39,4,2,6/15/2026 13:24,6/15/2026 14:20
1130,1,A22,,32.49,4,2,6/15/2026 13:31,6/15/2026 14:03
1131,1,A23,,57.49,4,2,6/15/2026 13:38,6/15/2026 14:35
1132,1,A24,,55.44,4,2,6/15/2026 13:47,6/15/2026 14:42
1133,1,A25,,29.82,4,2,6/15/2026 13:54,6/15/2026 14:23
1134,1,A1,,1.09,4,2,6/16/2026 10:30,6/16/2026 10:31
1135,1,A2,,51.71,4,2,6/16/2026 10:41,6/16/2026 11:32
1136,1,A3,,55.69,4,2,6/16/2026 10:46,6/16/2026 11:41
1137,1,A4,,46,4,2,6/16/2026 10:56,6/16/2026 11:42
1138,1,A5,,40.14,4,2,6/16/2026 11:10,6/16/2026 11:50
1139,1,A6,,48.58,4,2,6/16/2026 11:15,6/16/2026 12:03
1140,1,A7,,58.34,4,2,6/16/2026 11:22,6/16/2026 12:20
1141,1,A8,,33.47,4,2,6/16/2026 11:30,6/16/2026 12:03
1142,1,A9,,31.19,4,2,6/16/2026 11:36,6/16/2026 12:07
1143,1,A10,,51.65,4,2,6/16/2026 11:50,6/16/2026 12:41
1144,1,A11,,18.95,4,2,6/16/2026 12:02,6/16/2026 12:20
1145,1,A12,,33.11,4,2,6/16/2026 12:17,6/16/2026 12:50
1146,1,A13,,46.48,4,2,6/16/2026 12:28,6/16/2026 13:14
1147,1,A14,,49.08,4,2,6/16/2026 12:34,6/16/2026 13:23
1148,1,A15,,48.32,4,2,6/16/2026 12:47,6/16/2026 13:35
1149,1,A16,,35.25,4,2,6/16/2026 12:55,6/16/2026 13:30
1150,1,A17,,30.56,4,2,6/16/2026 13:03,6/16/2026 13:33
1151,1,A18,,45.9,4,2,6/16/2026 13:13,6/16/2026 13:58
1152,1,A19,,40.77,4,2,6/16/2026 13:28,6/16/2026 14:08
1153,1,A20,,51.57,4,2,6/16/2026 13:35,6/16/2026 14:26
1154,1,A21,,35.08,4,2,6/16/2026 13:46,6/16/2026 14:21
1155,1,A22,,53,4,2,6/16/2026 13:53,6/16/2026 14:46
1156,1,A1,,0.62,4,2,6/17/2026 10:11,6/17/2026 10:12
1157,1,A2,,50.85,4,2,6/17/2026 10:17,6/17/2026 11:08
1158,1,A3,,53.22,4,2,6/17/2026 10:26,6/17/2026 11:19
1159,1,A4,,35.52,4,2,6/17/2026 10:32,6/17/2026 11:08
1160,1,A5,,44.69,4,2,6/17/2026 10:39,6/17/2026 11:24
1161,1,A6,,43.87,4,2,6/17/2026 10:44,6/17/2026 11:28
1162,1,A7,,45.02,4,2,6/17/2026 10:55,6/17/2026 11:40
1163,1,A8,,29.35,4,2,6/17/2026 11:01,6/17/2026 11:30
1164,1,A9,,19.84,4,2,6/17/2026 11:11,6/17/2026 11:31
1165,1,A10,,42.86,4,2,6/17/2026 11:24,6/17/2026 12:07
1166,1,A11,,58.8,4,2,6/17/2026 11:37,6/17/2026 12:36
1167,1,A12,,26.07,4,2,6/17/2026 11:52,6/17/2026 12:18
1168,1,A13,,35.62,4,2,6/17/2026 12:07,6/17/2026 12:43
1169,1,A14,,42.6,4,2,6/17/2026 12:16,6/17/2026 12:59
1170,1,A15,,36.61,4,2,6/17/2026 12:21,6/17/2026 12:58
1171,1,A1,,1.12,4,2,6/18/2026 10:09,6/18/2026 10:10
1172,1,A2,,59.16,4,2,6/18/2026 10:16,6/18/2026 11:15
1173,1,A3,,33.27,4,2,6/18/2026 10:25,6/18/2026 10:58
1174,1,A4,,34.81,4,2,6/18/2026 10:39,6/18/2026 11:14
1175,1,A5,,38.36,4,2,6/18/2026 10:45,6/18/2026 11:23
1176,1,A6,,54.9,4,2,6/18/2026 10:56,6/18/2026 11:51
1177,1,A7,,94.2,4,2,6/18/2026 11:04,6/18/2026 12:38
1178,1,A8,,52.17,4,2,6/18/2026 11:11,6/18/2026 12:03
1179,1,A9,,57.06,4,2,6/18/2026 11:18,6/18/2026 12:15
1180,1,A10,,39.01,4,2,6/18/2026 11:26,6/18/2026 12:05
1181,1,A11,,55.04,4,2,6/18/2026 11:39,6/18/2026 12:34
1182,1,A12,,34.39,4,2,6/18/2026 11:46,6/18/2026 12:20
1183,1,A13,,19.29,4,2,6/18/2026 11:53,6/18/2026 12:12
1184,1,A14,,53.84,4,2,6/18/2026 12:06,6/18/2026 13:00
1185,1,A15,,56.32,4,2,6/18/2026 12:14,6/18/2026 13:10
1186,1,A16,,36.81,4,2,6/18/2026 12:29,6/18/2026 13:06
1187,1,A17,,40.27,4,2,6/18/2026 12:34,6/18/2026 13:14
1188,1,A18,,40.23,4,2,6/18/2026 12:39,6/18/2026 13:19
1189,1,A1,,2.45,4,2,6/19/2026 10:37,6/19/2026 10:39
1190,1,A2,,37.35,4,2,6/19/2026 10:46,6/19/2026 11:23
1191,1,A3,,48.03,4,2,6/19/2026 10:59,6/19/2026 11:47
1192,1,A4,,39.3,4,2,6/19/2026 11:04,6/19/2026 11:43
1193,1,A5,,54.34,4,2,6/19/2026 11:15,6/19/2026 12:09
1194,1,A6,,36.4,4,2,6/19/2026 11:24,6/19/2026 12:00
1195,1,A7,,42.86,4,2,6/19/2026 11:31,6/19/2026 12:13
1196,1,A8,,37.72,4,2,6/19/2026 11:46,6/19/2026 12:23
1197,1,A9,,45.55,4,2,6/19/2026 11:51,6/19/2026 12:36
1198,1,A10,,16.35,4,2,6/19/2026 12:02,6/19/2026 12:18
1199,1,A11,,53.8,4,2,6/19/2026 12:15,6/19/2026 13:08
1200,1,A12,,24.25,4,2,6/19/2026 12:24,6/19/2026 12:48
1201,1,A13,,57.66,4,2,6/19/2026 12:33,6/19/2026 13:30
1202,1,A14,,42.51,4,2,6/19/2026 12:43,6/19/2026 13:25
1203,1,A15,,35.81,4,2,6/19/2026 12:49,6/19/2026 13:24
1204,1,A16,,41.51,4,2,6/19/2026 12:57,6/19/2026 13:38
1205,1,A17,,56.75,4,2,6/19/2026 13:03,6/19/2026 13:59
1206,1,A18,,58.05,4,2,6/19/2026 13:17,6/19/2026 14:15
1207,1,A1,,1.58,4,2,6/20/2026 9:41,6/20/2026 9:43
1208,1,A2,,36.58,4,2,6/20/2026 9:48,6/20/2026 10:25
1209,1,A3,,58.88,4,2,6/20/2026 9:54,6/20/2026 10:53
1210,1,A4,,55.04,4,2,6/20/2026 10:04,6/20/2026 10:59
1211,1,A5,,52.58,4,2,6/20/2026 10:14,6/20/2026 11:07
1212,1,A6,,46.17,4,2,6/20/2026 10:29,6/20/2026 11:15
1213,1,A7,,59.23,4,2,6/20/2026 10:40,6/20/2026 11:40
1214,1,A8,,46.53,4,2,6/20/2026 10:48,6/20/2026 11:35
1215,1,A9,,18.05,4,2,6/20/2026 11:02,6/20/2026 11:20
1216,1,A10,,38.8,4,2,6/20/2026 11:16,6/20/2026 11:55
1217,1,A11,,48.93,4,2,6/20/2026 11:25,6/20/2026 12:14
1218,1,A12,,39.95,4,2,6/20/2026 11:33,6/20/2026 12:13
1219,1,A13,,20.74,4,2,6/20/2026 11:38,6/20/2026 11:59
1220,1,A14,,76.29,4,2,6/20/2026 11:43,6/20/2026 13:00
1221,1,A15,,33.95,4,2,6/20/2026 11:49,6/20/2026 12:23
1222,1,A16,,40.34,4,2,6/20/2026 11:57,6/20/2026 12:38
1223,1,A17,,57.8,4,2,6/20/2026 12:02,6/20/2026 13:00
1224,1,A18,,78.09,4,2,6/20/2026 12:14,6/20/2026 13:32
1225,1,A19,,20.76,4,2,6/20/2026 12:21,6/20/2026 12:42
1226,1,A20,,119.94,4,2,6/20/2026 12:29,6/20/2026 14:29
1227,1,A1,,2.37,4,2,6/22/2026 10:40,6/22/2026 10:42
1228,1,A2,,55.25,4,2,6/22/2026 10:53,6/22/2026 11:48
1229,1,A3,,51.84,4,2,6/22/2026 11:05,6/22/2026 11:57
1230,1,A4,,39.26,4,2,6/22/2026 11:11,6/22/2026 11:50
1231,1,A5,,43.13,4,2,6/22/2026 11:16,6/22/2026 11:59
1232,1,A6,,118.88,4,2,6/22/2026 11:31,6/22/2026 13:30
1233,1,A7,,41.3,4,2,6/22/2026 11:40,6/22/2026 12:21
1234,1,A8,,45.23,4,2,6/22/2026 11:50,6/22/2026 12:35
1235,1,A9,,56.75,4,2,6/22/2026 11:59,6/22/2026 12:56
1236,1,A10,,43.16,4,2,6/22/2026 12:10,6/22/2026 12:53
1237,1,A11,,57.43,4,2,6/22/2026 12:18,6/22/2026 13:15
1238,1,A12,,30.81,4,2,6/22/2026 12:31,6/22/2026 13:02
1239,1,A13,,36.6,4,2,6/22/2026 12:39,6/22/2026 13:16
1240,1,A14,,49.43,4,2,6/22/2026 12:54,6/22/2026 13:43
1241,1,A15,,18.48,4,2,6/22/2026 13:09,6/22/2026 13:27
1242,1,A16,,19.28,4,2,6/22/2026 13:19,6/22/2026 13:38
1243,1,A17,,59.42,4,2,6/22/2026 13:28,6/22/2026 14:27
1244,1,A18,,96.82,4,2,6/22/2026 13:36,6/22/2026 15:13
1245,1,A19,,37.36,4,2,6/22/2026 13:44,6/22/2026 14:21
1246,1,A20,,56.61,4,2,6/22/2026 13:53,6/22/2026 14:50
1247,1,A21,,22.43,4,2,6/22/2026 13:59,6/22/2026 14:21
1248,1,A22,,27.41,4,2,6/22/2026 14:09,6/22/2026 14:36
1249,1,A1,,0.57,4,2,6/23/2026 9:30,6/23/2026 9:30
1250,1,A2,,86.34,4,2,6/23/2026 9:45,6/23/2026 11:11
1251,1,A3,,55.79,4,2,6/23/2026 9:52,6/23/2026 10:47
1252,1,A4,,39.28,4,2,6/23/2026 9:57,6/23/2026 10:36
1253,1,A5,,53.54,4,2,6/23/2026 10:03,6/23/2026 10:56
1254,1,A6,,48.09,4,2,6/23/2026 10:16,6/23/2026 11:04
1255,1,A7,,53.44,4,2,6/23/2026 10:22,6/23/2026 11:15
1256,1,A8,,52.88,4,2,6/23/2026 10:30,6/23/2026 11:22
1257,1,A9,,47.68,4,2,6/23/2026 10:38,6/23/2026 11:25
1258,1,A10,,45.65,4,2,6/23/2026 10:49,6/23/2026 11:34
1259,1,A11,,33.19,4,2,6/23/2026 11:00,6/23/2026 11:33
1260,1,A12,,44.12,4,2,6/23/2026 11:10,6/23/2026 11:54
1261,1,A13,,55.88,4,2,6/23/2026 11:22,6/23/2026 12:17
1262,1,A14,,50.24,4,2,6/23/2026 11:29,6/23/2026 12:19
1263,1,A15,,53.71,4,2,6/23/2026 11:38,6/23/2026 12:31
1264,1,A1,,2.73,4,2,6/24/2026 9:02,6/24/2026 9:04
1265,1,A2,,55.74,4,2,6/24/2026 9:16,6/24/2026 10:11
1266,1,A3,,93.99,4,2,6/24/2026 9:29,6/24/2026 11:03
1267,1,A4,,45.56,4,2,6/24/2026 9:39,6/24/2026 10:24
1268,1,A5,,34.49,4,2,6/24/2026 9:46,6/24/2026 10:20
1269,1,A6,,58.88,4,2,6/24/2026 9:56,6/24/2026 10:55
1270,1,A7,,37.19,4,2,6/24/2026 10:11,6/24/2026 10:48
1271,1,A8,,33.44,4,2,6/24/2026 10:21,6/24/2026 10:54
1272,1,A9,,34.45,4,2,6/24/2026 10:32,6/24/2026 11:06
1273,1,A10,,37.54,4,2,6/24/2026 10:45,6/24/2026 11:22
1274,1,A11,,18.34,4,2,6/24/2026 10:53,6/24/2026 11:11
1275,1,A12,,39.18,4,2,6/24/2026 11:06,6/24/2026 11:45
1276,1,A13,,49.61,4,2,6/24/2026 11:18,6/24/2026 12:07
1277,1,A14,,34.95,4,2,6/24/2026 11:33,6/24/2026 12:08
1278,1,A1,,2.82,4,2,6/25/2026 10:33,6/25/2026 10:36
1279,1,A2,,31.96,4,2,6/25/2026 10:39,6/25/2026 11:11
1280,1,A3,,118.3,4,2,6/25/2026 10:53,6/25/2026 12:52
1281,1,A4,,44.72,4,2,6/25/2026 11:04,6/25/2026 11:49
1282,1,A5,,32.74,4,2,6/25/2026 11:19,6/25/2026 11:52
1283,1,A6,,49.77,4,2,6/25/2026 11:26,6/25/2026 12:16
1284,1,A7,,41.62,4,2,6/25/2026 11:35,6/25/2026 12:17
1285,1,A8,,18.37,4,2,6/25/2026 11:44,6/25/2026 12:03
1286,1,A9,,84.05,4,2,6/25/2026 11:54,6/25/2026 13:18
1287,1,A10,,17.76,4,2,6/25/2026 12:09,6/25/2026 12:27
1288,1,A11,,27.7,4,2,6/25/2026 12:21,6/25/2026 12:49
1289,1,A12,,39.6,4,2,6/25/2026 12:29,6/25/2026 13:09
1290,1,A1,,2.03,4,2,6/26/2026 10:03,6/26/2026 10:05
1291,1,A2,,29.94,4,2,6/26/2026 10:11,6/26/2026 10:41
1292,1,A3,,55.47,4,2,6/26/2026 10:24,6/26/2026 11:19
1293,1,A4,,19.82,4,2,6/26/2026 10:30,6/26/2026 10:49
1294,1,A5,,24.78,4,2,6/26/2026 10:39,6/26/2026 11:03
1295,1,A6,,50.58,4,2,6/26/2026 10:52,6/26/2026 11:42
1296,1,A7,,34.95,4,2,6/26/2026 11:01,6/26/2026 11:36
1297,1,A8,,39.31,4,2,6/26/2026 11:14,6/26/2026 11:53
1298,1,A9,,23.03,4,2,6/26/2026 11:28,6/26/2026 11:51
1299,1,A10,,36.85,4,2,6/26/2026 11:43,6/26/2026 12:19
1300,1,A11,,42.99,4,2,6/26/2026 11:51,6/26/2026 12:34
1301,1,A12,,29.41,4,2,6/26/2026 11:58,6/26/2026 12:27
1302,1,A13,,17.14,4,2,6/26/2026 12:03,6/26/2026 12:20
1303,1,A14,,66.89,4,2,6/26/2026 12:10,6/26/2026 13:17
1304,1,A1,,0.7,4,2,6/27/2026 10:35,6/27/2026 10:36
1305,1,A2,,41.15,4,2,6/27/2026 10:44,6/27/2026 11:26
1306,1,A3,,54.78,4,2,6/27/2026 10:53,6/27/2026 11:48
1307,1,A4,,45.01,4,2,6/27/2026 11:01,6/27/2026 11:46
1308,1,A5,,18.72,4,2,6/27/2026 11:15,6/27/2026 11:34
1309,1,A6,,43.92,4,2,6/27/2026 11:22,6/27/2026 12:06
1310,1,A7,,59.86,4,2,6/27/2026 11:27,6/27/2026 12:27
1311,1,A8,,49.73,4,2,6/27/2026 11:32,6/27/2026 12:22
1312,1,A9,,56.63,4,2,6/27/2026 11:38,6/27/2026 12:35
1313,1,A10,,54.41,4,2,6/27/2026 11:47,6/27/2026 12:42
1314,1,A11,,35.83,4,2,6/27/2026 11:58,6/27/2026 12:34
1315,1,A12,,56.18,4,2,6/27/2026 12:08,6/27/2026 13:05
1316,1,A13,,42.3,4,2,6/27/2026 12:17,6/27/2026 13:00
1317,1,A14,,40.45,4,2,6/27/2026 12:30,6/27/2026 13:11
1318,1,A1,,1.85,4,2,6/29/2026 9:26,6/29/2026 9:28
1319,1,A2,,36.94,4,2,6/29/2026 9:34,6/29/2026 10:11
1320,1,A3,,37.84,4,2,6/29/2026 9:43,6/29/2026 10:21
1321,1,A4,,30.38,4,2,6/29/2026 9:51,6/29/2026 10:22
1322,1,A5,,32.41,4,2,6/29/2026 10:05,6/29/2026 10:38
1323,1,A6,,31.37,4,2,6/29/2026 10:14,6/29/2026 10:46
1324,1,A7,,55.71,4,2,6/29/2026 10:20,6/29/2026 11:16
1325,1,A8,,55.4,4,2,6/29/2026 10:27,6/29/2026 11:23
1326,1,A9,,48.73,4,2,6/29/2026 10:35,6/29/2026 11:24
1327,1,A10,,46.8,4,2,6/29/2026 10:40,6/29/2026 11:27
1328,1,A11,,54.4,4,2,6/29/2026 10:50,6/29/2026 11:45
1329,1,A12,,44.06,4,2,6/29/2026 10:58,6/29/2026 11:42
1330,1,A13,,23.09,4,2,6/29/2026 11:08,6/29/2026 11:31
1331,1,A14,,34.45,4,2,6/29/2026 11:22,6/29/2026 11:57
1332,1,A15,,34.47,4,2,6/29/2026 11:32,6/29/2026 12:07
1333,1,A16,,52.76,4,2,6/29/2026 11:38,6/29/2026 12:31
1334,1,A17,,54.66,4,2,6/29/2026 11:47,6/29/2026 12:42
1335,1,A18,,99.75,4,2,6/29/2026 11:56,6/29/2026 13:36
1336,1,A1,,0.74,4,2,6/30/2026 10:08,6/30/2026 10:09
1337,1,A2,,56.41,4,2,6/30/2026 10:17,6/30/2026 11:13
1338,1,A3,,35.37,4,2,6/30/2026 10:29,6/30/2026 11:04
1339,1,A4,,41.25,4,2,6/30/2026 10:39,6/30/2026 11:20
1340,1,A5,,55.53,4,2,6/30/2026 10:51,6/30/2026 11:46
1341,1,A6,,30.1,4,2,6/30/2026 11:00,6/30/2026 11:30
1342,1,A7,,48.03,4,2,6/30/2026 11:09,6/30/2026 11:57
1343,1,A8,,56.69,4,2,6/30/2026 11:18,6/30/2026 12:15
1344,1,A9,,32.91,4,2,6/30/2026 11:33,6/30/2026 12:06
1345,1,A10,,58.19,4,2,6/30/2026 11:41,6/30/2026 12:39
1346,1,A11,,30.71,4,2,6/30/2026 11:47,6/30/2026 12:18
1347,1,A12,,30.4,4,2,6/30/2026 12:02,6/30/2026 12:32
1348,1,A13,,39.32,4,2,6/30/2026 12:14,6/30/2026 12:53
1349,1,A14,,59.38,4,2,6/30/2026 12:26,6/30/2026 13:25
1350,1,A15,,51.87,4,2,6/30/2026 12:41,6/30/2026 13:33
1351,1,A16,,47.15,4,2,6/30/2026 12:47,6/30/2026 13:34
,,,,,,,,
,,,,,,,,
,,,,,,,,
,,,,,,,,
,,,,,,,,
,,,,,,,,
,,,,,,,,
,,,,,,,,
,,,,,,,,
,,,,,,,,
,,,,,,,,
,,,,,,,,
,,,,,,,,
,,,,,,,,
,,,,,,,,
,,,,,,,,
,,,,,,,,
,,,,,,,,
,,,,,,,,
,,,,,,,,
,,,,,,,,
,,,,,,,,
,,,,,,,,
,,,,,,,,
,,,,,,,,
,,,,,,,,
,,,,,,,,
,,,,,,,,
,,,,,,,,
,,,,,,,,
,,,,,,,,
,,,,,,,,
,,,,,,,,
,,,,,,,,
,,,,,,,,
,,,,,,,,
,,,,,,,,
,,,,,,,,
,,,,,,,,
,,,,,,,,
,,,,,,,,
,,,,,,,,
,,,,,,,,
,,,,,,,,
,,,,,,,,
,,,,,,,,
,,,,,,,,
,,,,,,,,
,,,,,,,,
,,,,,,,,
,,,,,,,,
,,,,,,,,
,,,,,,,,
,,,,,,,,
,,,,,,,,
,,,,,,,,
,,,,,,,,
,,,,,,,,
,,,,,,,,
,,,,,,,,
,,,,,,,,
,,,,,,,,
,,,,,,,,
,,,,,,,,
,,,,,,,,
,,,,,,,,
,,,,,,,,
,,,,,,,,
,,,,,,,,
,,,,,,,,
,,,,,,,,
,,,,,,,,
,,,,,,,,
,,,,,,,,
,,,,,,,,
,,,,,,,,
,,,,,,,,
,,,,,,,,
,,,,,,,,
,,,,,,,,
,,,,,,,,
,,,,,,,,
,,,,,,,,
,,,,,,,,
,,,,,,,,
,,,,,,,,
,,,,,,,,
,,,,,,,,
,,,,,,,,
,,,,,,,,
,,,,,,,,
,,,,,,,,
,,,,,,,,
,,,,,,,,
,,,,,,,,
,,,,,,,,
,,,,,,,,
,,,,,,,,
,,,,,,,,
,,,,,,,,
,,,,,,,,
,,,,,,,,
,,,,,,,,
,,,,,,,,
,,,,,,,,
,,,,,,,,
,,,,,,,,
,,,,,,,,
,,,,,,,,
,,,,,,,,
,,,,,,,,
,,,,,,,,
,,,,,,,,
,,,,,,,,
,,,,,,,,
,,,,,,,,
,,,,,,,,
,,,,,,,,
,,,,,,,,
,,,,,,,,
,,,,,,,,
,,,,,,,,
,,,,,,,,
,,,,,,,,
,,,,,,,,
,,,,,,,,
,,,,,,,,
,,,,,,,,
,,,,,,,,
,,,,,,,,
,,,,,,,,
,,,,,,,,
,,,,,,,,
,,,,,,,,
,,,,,,,,
,,,,,,,,
,,,,,,,,
,,,,,,,,
,,,,,,,,
,,,,,,,,
,,,,,,,,
,,,,,,,,
,,,,,,,,
,,,,,,,,
,,,,,,,,
,,,,,,,,
,,,,,,,,
,,,,,,,,
,,,,,,,,
,,,,,,,,
,,,,,,,,
,,,,,,,,
,,,,,,,,
,,,,,,,,
,,,,,,,,
,,,,,,,,
,,,,,,,,
,,,,,,,,
,,,,,,,,
,,,,,,,,
,,,,,,,,
,,,,,,,,
,,,,,,,,
,,,,,,,,
,,,,,,,,
,,,,,,,,
,,,,,,,,
,,,,,,,,
,,,,,,,,
,,,,,,,,
,,,,,,,,
,,,,,,,,
,,,,,,,,
,,,,,,,,
,,,,,,,,
,,,,,,,,
,,,,,,,,
,,,,,,,,
,,,,,,,,
,,,,,,,,
,,,,,,,,
,,,,,,,,
,,,,,,,,
,,,,,,,,
,,,,,,,,
,,,,,,,,
,,,,,,,,
,,,,,,,,
,,,,,,,,
,,,,,,,,
,,,,,,,,
,,,,,,,,
,,,,,,,,
,,,,,,,,
,,,,,,,,
,,,,,,,,
,,,,,,,,
,,,,,,,,
,,,,,,,,
,,,,,,,,
,,,,,,,,
,,,,,,,,
,,,,,,,,
,,,,,,,,
,,,,,,,,
,,,,,,,,
,,,,,,,,
,,,,,,,,
,,,,,,,,
,,,,,,,,
,,,,,,,,
,,,,,,,,
,,,,,,,,
,,,,,,,,
,,,,,,,,
,,,,,,,,
,,,,,,,,
,,,,,,,,
,,,,,,,,
,,,,,,,,
,,,,,,,,
,,,,,,,,
,,,,,,,,
,,,,,,,,
,,,,,,,,
,,,,,,,,
,,,,,,,,
,,,,,,,,
,,,,,,,,
,,,,,,,,
,,,,,,,,
,,,,,,,,
,,,,,,,,
,,,,,,,,
,,,,,,,,
,,,,,,,,
,,,,,,,,
,,,,,,,,
,,,,,,,,
,,,,,,,,
,,,,,,,,
,,,,,,,,
,,,,,,,,
,,,,,,,,
,,,,,,,,
,,,,,,,,
,,,,,,,,
,,,,,,,,
,,,,,,,,
,,,,,,,,
,,,,,,,,
,,,,,,,,
,,,,,,,,
,,,,,,,,
,,,,,,,,
,,,,,,,,
,,,,,,,,
,,,,,,,,
,,,,,,,,
,,,,,,,,
,,,,,,,,
,,,,,,,,
,,,,,,,,
,,,,,,,,
,,,,,,,,
,,,,,,,,
,,,,,,,,
,,,,,,,,
,,,,,,,,
,,,,,,,,
,,,,,,,,
,,,,,,,,
,,,,,,,,
,,,,,,,,
,,,,,,,,
,,,,,,,,
,,,,,,,,
,,,,,,,,
,,,,,,,,
,,,,,,,,
,,,,,,,,
,,,,,,,,
,,,,,,,,
,,,,,,,,
,,,,,,,,
,,,,,,,,
,,,,,,,,
,,,,,,,,
,,,,,,,,
,,,,,,,,
,,,,,,,,
,,,,,,,,
,,,,,,,,
,,,,,,,,
,,,,,,,,
,,,,,,,,
,,,,,,,,
,,,,,,,,
,,,,,,,,
,,,,,,,,
,,,,,,,,
,,,,,,,,
,,,,,,,,
,,,,,,,,
,,,,,,,,
,,,,,,,,
,,,,,,,,
,,,,,,,,
,,,,,,,,
,,,,,,,,
,,,,,,,,
,,,,,,,,
,,,,,,,,
,,,,,,,,
,,,,,,,,
,,,,,,,,
,,,,,,,,
,,,,,,,,
,,,,,,,,
,,,,,,,,
,,,,,,,,
,,,,,,,,
,,,,,,,,
,,,,,,,,
,,,,,,,,
,,,,,,,,
,,,,,,,,
,,,,,,,,
,,,,,,,,
,,,,,,,,
,,,,,,,,
,,,,,,,,
,,,,,,,,
,,,,,,,,
,,,,,,,,
,,,,,,,,
,,,,,,,,
,,,,,,,,
,,,,,,,,
,,,,,,,,
,,,,,,,,
,,,,,,,,
,,,,,,,,
,,,,,,,,
,,,,,,,,
,,,,,,,,
,,,,,,,,
,,,,,,,,
,,,,,,,,
,,,,,,,,
,,,,,,,,
,,,,,,,,
,,,,,,,,
,,,,,,,,
,,,,,,,,
,,,,,,,,
,,,,,,,,
,,,,,,,,
,,,,,,,,
,,,,,,,,
,,,,,,,,
,,,,,,,,
,,,,,,,,
,,,,,,,,
,,,,,,,,
,,,,,,,,
,,,,,,,,
,,,,,,,,
,,,,,,,,
,,,,,,,,
,,,,,,,,
,,,,,,,,
,,,,,,,,
,,,,,,,,
,,,,,,,,
,,,,,,,,
,,,,,,,,
,,,,,,,,
,,,,,,,,
,,,,,,,,
,,,,,,,,
,,,,,,,,
,,,,,,,,
,,,,,,,,
,,,,,,,,
,,,,,,,,
,,,,,,,,
,,,,,,,,
,,,,,,,,
,,,,,,,,
,,,,,,,,
,,,,,,,,
,,,,,,,,
,,,,,,,,
,,,,,,,,
,,,,,,,,
,,,,,,,,
,,,,,,,,
,,,,,,,,
,,,,,,,,
,,,,,,,,
,,,,,,,,
,,,,,,,,
,,,,,,,,
,,,,,,,,
,,,,,,,,
,,,,,,,,
,,,,,,,,
,,,,,,,,
,,,,,,,,
,,,,,,,,
,,,,,,,,
,,,,,,,,
,,,,,,,,
,,,,,,,,
,,,,,,,,
,,,,,,,,
,,,,,,,,
,,,,,,,,
,,,,,,,,
,,,,,,,,
,,,,,,,,
,,,,,,,,
,,,,,,,,
,,,,,,,,
,,,,,,,,
,,,,,,,,
,,,,,,,,
,,,,,,,,
,,,,,,,,
,,,,,,,,
,,,,,,,,
,,,,,,,,
,,,,,,,,
,,,,,,,,
,,,,,,,,
,,,,,,,,
,,,,,,,,
,,,,,,,,
,,,,,,,,
,,,,,,,,
,,,,,,,,
,,,,,,,,
,,,,,,,,
,,,,,,,,
,,,,,,,,
,,,,,,,,
,,,,,,,,
,,,,,,,,
,,,,,,,,
,,,,,,,,
,,,,,,,,
,,,,,,,,
,,,,,,,,
,,,,,,,,
,,,,,,,,
,,,,,,,,
,,,,,,,,
,,,,,,,,
,,,,,,,,
,,,,,,,,
,,,,,,,,
,,,,,,,,
,,,,,,,,
,,,,,,,,
,,,,,,,,
,,,,,,,,
,,,,,,,,
,,,,,,,,
,,,,,,,,
,,,,,,,,
,,,,,,,,
,,,,,,,,
,,,,,,,,
,,,,,,,,
,,,,,,,,
,,,,,,,,
,,,,,,,,
,,,,,,,,
,,,,,,,,
,,,,,,,,
,,,,,,,,
,,,,,,,,
,,,,,,,,
,,,,,,,,
,,,,,,,,
,,,,,,,,
,,,,,,,,
,,,,,,,,
,,,,,,,,
,,,,,,,,
,,,,,,,,
,,,,,,,,
,,,,,,,,
,,,,,,,,
,,,,,,,,
,,,,,,,,
,,,,,,,,
,,,,,,,,
,,,,,,,,
,,,,,,,,
,,,,,,,,
,,,,,,,,
,,,,,,,,
,,,,,,,,
,,,,,,,,
,,,,,,,,
,,,,,,,,
,,,,,,,,
,,,,,,,,
,,,,,,,,
,,,,,,,,
,,,,,,,,
,,,,,,,,
,,,,,,,,
,,,,,,,,
,,,,,,,,
,,,,,,,,
,,,,,,,,
,,,,,,,,
,,,,,,,,
,,,,,,,,
,,,,,,,,
,,,,,,,,
,,,,,,,,
,,,,,,,,
,,,,,,,,
,,,,,,,,
,,,,,,,,
,,,,,,,,
,,,,,,,,
,,,,,,,,
,,,,,,,,
,,,,,,,,
,,,,,,,,
,,,,,,,,
,,,,,,,,
,,,,,,,,
,,,,,,,,
,,,,,,,,
,,,,,,,,
,,,,,,,,
,,,,,,,,
,,,,,,,,
,,,,,,,,
,,,,,,,,
,,,,,,,,
,,,,,,,,
,,,,,,,,
,,,,,,,,
,,,,,,,,
,,,,,,,,
,,,,,,,,
,,,,,,,,
,,,,,,,,
,,,,,,,,
,,,,,,,,
,,,,,,,,
,,,,,,,,
,,,,,,,,
,,,,,,,,
,,,,,,,,
,,,,,,,,
,,,,,,,,
,,,,,,,,
,,,,,,,,
,,,,,,,,
,,,,,,,,
,,,,,,,,
,,,,,,,,
,,,,,,,,
,,,,,,,,
,,,,,,,,
,,,,,,,,
,,,,,,,,
,,,,,,,,
,,,,,,,,
,,,,,,,,
,,,,,,,,
,,,,,,,,
,,,,,,,,
,,,,,,,,
,,,,,,,,
,,,,,,,,
,,,,,,,,
,,,,,,,,
,,,,,,,,
,,,,,,,,
,,,,,,,,
,,,,,,,,
,,,,,,,,
,,,,,,,,
,,,,,,,,
,,,,,,,,
,,,,,,,,
,,,,,,,,
,,,,,,,,
,,,,,,,,
,,,,,,,,
,,,,,,,,
,,,,,,,,
,,,,,,,,
,,,,,,,,
,,,,,,,,
,,,,,,,,
,,,,,,,,
,,,,,,,,
,,,,,,,,
,,,,,,,,
,,,,,,,,
,,,,,,,,
,,,,,,,,
,,,,,,,,
,,,,,,,,
,,,,,,,,
,,,,,,,,
,,,,,,,,
,,,,,,,,
,,,,,,,,
,,,,,,,,
,,,,,,,,
,,,,,,,,
,,,,,,,,
,,,,,,,,
,,,,,,,,
,,,,,,,,
,,,,,,,,
,,,,,,,,
,,,,,,,,
,,,,,,,,
,,,,,,,,
,,,,,,,,
,,,,,,,,
,,,,,,,,
,,,,,,,,
,,,,,,,,
,,,,,,,,
,,,,,,,,
,,,,,,,,
,,,,,,,,
,,,,,,,,
,,,,,,,,
,,,,,,,,
,,,,,,,,
,,,,,,,,
,,,,,,,,
,,,,,,,,
,,,,,,,,
,,,,,,,,
,,,,,,,,
,,,,,,,,
,,,,,,,,
,,,,,,,,
,,,,,,,,
,,,,,,,,
,,,,,,,,
,,,,,,,,
,,,,,,,,
,,,,,,,,
,,,,,,,,
,,,,,,,,
,,,,,,,,
,,,,,,,,
,,,,,,,,
,,,,,,,,
,,,,,,,,
,,,,,,,,
,,,,,,,,
,,,,,,,,
,,,,,,,,
,,,,,,,,
,,,,,,,,
,,,,,,,,
,,,,,,,,
,,,,,,,,
,,,,,,,,
,,,,,,,,
,,,,,,,,
,,,,,,,,
,,,,,,,,
,,,,,,,,
,,,,,,,,
,,,,,,,,
,,,,,,,,
,,,,,,,,
,,,,,,,,
,,,,,,,,
,,,,,,,,
,,,,,,,,
,,,,,,,,
,,,,,,,,
,,,,,,,,
,,,,,,,,
,,,,,,,,
,,,,,,,,
,,,,,,,,
,,,,,,,,
,,,,,,,,
,,,,,,,,
,,,,,,,,
,,,,,,,,
,,,,,,,,
,,,,,,,,
,,,,,,,,
,,,,,,,,
,,,,,,,,
,,,,,,,,
,,,,,,,,
,,,,,,,,
,,,,,,,,
,,,,,,,,
,,,,,,,,
,,,,,,,,
,,,,,,,,
,,,,,,,,
,,,,,,,,
,,,,,,,,
,,,,,,,,
,,,,,,,,
,,,,,,,,
,,,,,,,,
,,,,,,,,
,,,,,,,,
,,,,,,,,
,,,,,,,,
,,,,,,,,
,,,,,,,,
,,,,,,,,
,,,,,,,,
,,,,,,,,
,,,,,,,,
,,,,,,,,
,,,,,,,,
,,,,,,,,
,,,,,,,,
,,,,,,,,
,,,,,,,,
,,,,,,,,
,,,,,,,,
,,,,,,,,
,,,,,,,,
,,,,,,,,
,,,,,,,,
,,,,,,,,
,,,,,,,,
,,,,,,,,
,,,,,,,,
,,,,,,,,
,,,,,,,,
,,,,,,,,
,,,,,,,,
,,,,,,,,
,,,,,,,,
,,,,,,,,
,,,,,,,,
,,,,,,,,
,,,,,,,,
,,,,,,,,
,,,,,,,,
,,,,,,,,
,,,,,,,,
,,,,,,,,
,,,,,,,,
,,,,,,,,
,,,,,,,,
,,,,,,,,
,,,,,,,,
,,,,,,,,
,,,,,,,,
,,,,,,,,
,,,,,,,,
,,,,,,,,
,,,,,,,,
,,,,,,,,
,,,,,,,,
,,,,,,,,
,,,,,,,,
,,,,,,,,
,,,,,,,,
,,,,,,,,
,,,,,,,,
,,,,,,,,
,,,,,,,,
,,,,,,,,
,,,,,,,,
,,,,,,,,
,,,,,,,,
,,,,,,,,
,,,,,,,,
,,,,,,,,
,,,,,,,,
,,,,,,,,
,,,,,,,,
,,,,,,,,
,,,,,,,,
,,,,,,,,
,,,,,,,,
,,,,,,,,
,,,,,,,,
,,,,,,,,
,,,,,,,,
,,,,,,,,
,,,,,,,,
,,,,,,,,
,,,,,,,,
,,,,,,,,
,,,,,,,,
,,,,,,,,
,,,,,,,,
,,,,,,,,
,,,,,,,,
,,,,,,,,
,,,,,,,,
,,,,,,,,
,,,,,,,,
,,,,,,,,
,,,,,,,,
,,,,,,,,
,,,,,,,,
,,,,,,,,
,,,,,,,,
,,,,,,,,
,,,,,,,,
,,,,,,,,
,,,,,,,,
,,,,,,,,
,,,,,,,,
,,,,,,,,
,,,,,,,,
,,,,,,,,
,,,,,,,,
,,,,,,,,
,,,,,,,,
,,,,,,,,
,,,,,,,,
,,,,,,,,
,,,,,,,,
,,,,,,,,
,,,,,,,,
,,,,,,,,
,,,,,,,,
,,,,,,,,
,,,,,,,,
,,,,,,,,
,,,,,,,,
,,,,,,,,
,,,,,,,,
,,,,,,,,
,,,,,,,,
,,,,,,,,
,,,,,,,,
,,,,,,,,
,,,,,,,,
,,,,,,,,
,,,,,,,,
,,,,,,,,
,,,,,,,,
,,,,,,,,
,,,,,,,,
,,,,,,,,
,,,,,,,,
,,,,,,,,
,,,,,,,,
,,,,,,,,
,,,,,,,,
,,,,,,,,
,,,,,,,,
,,,,,,,,
,,,,,,,,
,,,,,,,,
,,,,,,,,
,,,,,,,,
,,,,,,,,
,,,,,,,,
,,,,,,,,
,,,,,,,,
,,,,,,,,
,,,,,,,,
,,,,,,,,
,,,,,,,,
,,,,,,,,
,,,,,,,,
,,,,,,,,
,,,,,,,,
,,,,,,,,
,,,,,,,,
,,,,,,,,
,,,,,,,,
,,,,,,,,
,,,,,,,,
,,,,,,,,
,,,,,,,,
,,,,,,,,
,,,,,,,,
,,,,,,,,
,,,,,,,,
,,,,,,,,
,,,,,,,,
,,,,,,,,
,,,,,,,,
,,,,,,,,
,,,,,,,,
,,,,,,,,
,,,,,,,,
,,,,,,,,
,,,,,,,,
,,,,,,,,
,,,,,,,,
